index,k_100,k_1000,k_10000,smiles
1,97,861,4925,CN(c1ccccc1)c1ccccc1C(=O)NCC1(O)CCOCC1
2,37,524,4175,CC[NH+](CC)C1CCC([NH2+]C2CC2)(C(=O)[O-])C1
3,77,636,6543,COCC(CNC(=O)c1ccc2c(c1)NC(=O)C2)OC
4,95,803,8397,OCCn1cc(CNc2cccc3c2CCCC3)nn1
5,75,637,5645,CCCCCCc1ccc(C#Cc2ccc(C#CC3=CC=C(CCC)CC3)c(C3CCCCC3)c2)c(F)c1
6,23,694,5824,O=C(NCc1ccc(F)cc1)N1CC=C(c2c[nH]c3ccccc23)CC1
7,25,593,4241,Nc1nc2ccc(F)c(F)c2n1Cc1ccccc1Br
8,66,739,8555,COc1cccc(c2cccc(F)c2C(=O)[O-])c1
9,30,56,9431,COc1ccc(CC(=O)Nc2c(C#N)c(C)c(C)n2Cc2ccccc2)cc1
10,22,195,494,N#Cc1ccccc1NC(=O)CCSc1nnc(C[NH+]2CCCC2)n1Cc1ccccc1
11,48,143,3983,CCC[NH2+]C(CCc1ccccn1)c1ccc(Cl)s1
12,47,949,1693,COc1ccc2nc(NC(=O)Nc3cnccn3)sc2c1
13,99,62,4167,CCC(C)N(C)C(=O)C1(c2ccc(N)cc2)CC1
14,98,442,9966,CC1CCC(O)(CCc2ccsc2)C1
15,51,537,1976,c1ccc(OCC[NH2+]Cc2ccoc2)cc1
16,19,922,1113,COc1ccccc1N1CC[NH+](CC2C(=O)OC3CC4(C)CCCC(C)=C4CC32)CC1
17,78,389,8792,CC1CCCC2(COCC[NH2+]2)C1
18,79,202,5961,CNC(=O)CS(=O)(=O)C1CCN(C(=O)c2ccc([N-]S(=O)(=O)c3cccc(C)c3)cc2)CC1
19,80,690,3502,Cn1ncc(c2ccc(CN3CC[NH2+]CC3)cc2)c1N
20,17,465,9292,Cn1nc(COc2cnccn2)c2c1CCN(C(=O)CCCc1ccccc1)C2
21,99,111,8053,C=C(C)CN(CC)c1ccc(C(C)[NH3+])cc1Cl
22,32,825,3054,Brc1cccc(c2cc3c4c(cccc4c2)CC3)c1
23,37,524,4629,Cc1cc(C)cc(C(=O)CC[NH+](C)C(C)CO)c1
24,21,533,6467,C[NH2+]C(C)CNC(=O)c1cc(OC)c(OC(F)F)cc1[N+](=O)[O-]
25,72,431,5534,CC1(CNC(=O)N2CCC(C)(C)S(=O)(=O)CC2)CCCc2ccccc21
26,0,218,1214,COc1ccc(C)cc1Nc1ncnc(N2CCN(c3ccccn3)CC2)c1[N+](=O)[O-]
27,77,191,237,CC(C)OCCCNC(=O)C(NC(=O)c1c(F)cccc1F)C(C)C
28,23,315,5099,CC1CCN(C(=O)c2cc(Cl)ncc2N)C(C)C1
29,16,907,9466,CCN(CC)S(=O)(=O)c1cc(C(=O)NC2C3CC4CC(C3)CC2C4)ccc1Cl
30,78,655,8289,COCC(C)C[NH2+]Cc1cccs1
31,2,529,2967,COC(=O)c1ccc(Oc2cnn(c3cc(Cl)cc(Cl)c3)c2c2ccc3cc(OC)ccc3c2)cc1
32,29,360,93,C=CCNC(=S)Nc1nn(Cc2c(F)cccc2Cl)cc1Cl
33,24,969,5565,Cc1cc(NC(=O)Nc2cc(Cl)ccc2N2CCCCC2)nn1C
34,80,249,8675,Cn1cncc1C[NH2+]CC(c1ccccc1)N1CCCC1
35,88,582,355,CCOc1cc(c2nc3ccccc3s2)ccc1OCc1c(Cl)cccc1Cl
36,14,690,7967,Cn1ncnc1C[NH+](C)C1CCN(CCc2ccccc2)C1
37,28,976,1071,CCCCCc1ccc(C(=O)Nc2ccccc2N)cc1
38,72,205,9285,CCC1CC(C[NH+]2CCN(S(=O)(=O)N3CCOCC3)CC2)CCO1
39,26,756,9776,CCCS(=O)(=O)N1CCCC(C(=O)Nc2ccc(=O)n(Cc3ccccc3Cl)c2)C1
40,68,703,5252,CNc1cc(COC)nc(Cc2nc3ccccc3[nH]2)n1
41,27,678,5600,COc1csc2cc(O)c([S-])cc12
42,48,109,8839,CCCCCCCCN(CCCCCCCC)c1nc2c(s1)c1nc(N(CCCCCCCC)CCCCCCCC)sc1c1nc(N(CCCCCCCC)CCCCCCCC)sc21
43,23,148,9272,O=C(Nc1ccc(C(F)(F)F)cc1)C(=O)N1CC[NH+](Cc2ccccc2)CC1
44,99,53,1386,CSCC(C)[NH+](C)CC(=O)Nc1ccc(N)cc1Br
45,1,572,8909,COCc1cccc(NC(=O)c2cccc(C(N)=O)c2)c1
46,28,238,1780,Nc1ccc(NC(=O)CSc2cccc(F)c2)cc1
47,81,301,7673,C=CCN(CCO)C(=O)NC(C)(C(=O)[O-])c1ccccc1
48,7,352,910,COc1ccc(c2noc(C[NH+]3CCCC(C(=O)NC(c4ccccc4C)C(C)C)C3)n2)cc1OC
49,61,717,4509,COc1cc(N)c(Cl)cc1C(=O)N1CCCCCC1
50,57,489,8210,O=C(c1ccccc1OCc1ccc(F)cc1)N1CC[NH+](Cc2cccs2)CC1
51,68,12,4213,CCCCCCCCCC(=O)Nc1cnc(Cl)cn1
52,29,160,6630,C#CB1NB(C)NB(C#C)N1C
53,36,236,9367,CCOC(=O)Cc1c(C(=O)OCC)c(C)cn1CC
54,77,740,8685,CCC(C)C(NC(=O)CCCOc1ccc(C)c(C)c1)C(=O)[O-]
55,51,588,509,C=C1OCC(COCCC[NH3+])O1
56,71,194,5382,O=C([O-])CCC(CC1CCCCC1)NC(=O)c1ccoc1
57,10,45,1941,Cc1ccc(S(=O)(=O)N2CCCC2C(=O)N(OC(=O)N2CCC3(CC2)OCCO3)C(Cc2ccccc2)C(=O)[O-])cc1
58,6,7,3898,CCCN1CCOc2ccc(C(=O)CCC[NH3+])cc21
59,76,622,6860,Cc1ccc(NC(=O)c2ccc(NC(=O)CSc3nncn3C)cc2)cc1F
60,29,449,919,CCc1cc(CC)n(c2ncc(N)cc2C)n1
61,56,362,433,CCCC(C#N)(CCC)C(=O)NCC1(C)CCCCC1
62,99,111,4360,CSCc1ccc(CN(CC(F)(F)F)c2ccc(C#N)c(C(F)(F)F)c2)o1
63,17,298,209,CCOC(=O)CNC(=O)N1CCCC1Cc1noc(c2cnccn2)n1
64,41,617,8535,Nc1cccc2c1C(=O)N(C(=O)C1CC3CCC1[NH2+]3)C2=O
65,84,101,1829,COc1cnc(Nc2ccn(C)n2)nc1
66,62,426,460,CCNc1ncnc(c2ccc(F)cc2F)c1CC
67,39,519,1417,Cc1cnc(C(C)C(=O)[O-])nc1C
68,8,408,9441,CC1(C(=O)[O-])CCCC1Nc1ccc(F)cc1C#N
69,38,749,1256,Cc1ccc(CCC2CC[NH2+]CC2)cn1
70,7,57,4608,[NH3+]CC1OC(n2ncc(=O)[nH]c2=O)C(O)C1O
71,68,722,4563,CCC(CNc1cncc(Cl)n1)CC(=O)[O-]
72,30,495,9804,CCOC(=O)c1cc(C(=O)OCC)n(C=Nc2ccc3c(c2)OCO3)c1C
73,57,388,3220,O=C([O-])c1nc(N2CCCC(O)C2)ccc1Cl
74,71,755,1738,CC(C#N)CNCC(=O)NC(C)C
75,65,774,7827,N#Cc1ccc(OP(=O)([O-])CNS(=O)(=O)c2cc3cc(OCC[N+]45CCN(CC4)CC5)ccc3s2)cc1F
76,54,772,6606,COc1ccc(C[NH+]2CCCC(C[NH2+]C(C)(C)C)C2)cc1
77,91,960,8453,O=C(NCCc1ccccn1)c1cccc(CSc2ccc(c3ccccc3)nn2)c1
78,23,267,8933,C[NH+]1CCN(C(=O)c2ccc(Nc3ncc(Br)c(CC4CCCC4C(=O)NCC(F)F)n3)cc2)CC1
79,31,422,7343,Cc1cccc(OC(C)(C)CC[NH3+])c1C
80,18,275,116,CCC(C)C1[NH2+]C(C2CCCC2)N(CCC(=O)OC)C1=O
81,72,901,7935,CN(C(=O)N1CCC(NS(C)(=O)=O)C1)C1CCCC1
82,60,107,4598,FC(F)(F)c1cc(c2ccccc2)c2ccc3c(c4ccccc4)cc(C(F)(F)F)nc3c2n1
83,7,981,2564,Cc1cccc(CNNC(=O)C2(Cc3ccccc3CN=[N+]=[N-])N=C(c3ccc(OCCCO)cc3)OC2c2ccc(Br)cc2)c1
84,25,227,386,Nc1ccc(n2ccnc2)c(C(=O)[O-])c1
85,74,258,371,Cc1ccc(S(=O)(=O)Nc2nc(C)c(C(=O)Nc3ccc(C(C)C)cc3)s2)cc1
86,61,964,8945,O=C(NC1CC(=O)N(Cc2ccc(F)cc2)C1)C(=O)c1ccccc1
87,58,494,763,COC(=O)Cn1nnnc1SCC(=O)OC(C)C
88,49,558,2656,C=CC[NH+](Cc1ccccc1CC[NH2+]C1CC1)C1CC1
89,69,452,3419,CCC(CC)(NS(=O)(=O)c1cncc(F)c1)C(N)=[NH+]O
90,26,333,5128,CS(=O)(=O)N(Cc1ccc(C(=O)Nc2ccccc2C(=O)N2CCCCC2)cc1)c1cccc(Cl)c1
91,57,784,522,CNC(=O)C1CCCN1C(=O)CNC(=O)C(C)Oc1ccc(F)cc1Br
92,80,627,1748,Brc1ccc2[nH]c3c(c2c1)C(=NNCC1=[NH+]CCN1)CCC3
93,77,971,1950,O=C(COc1c(F)c(F)cc(F)c1F)NCCc1ccc(F)cc1
94,35,915,1025,CCN(C(C)C)C(C[NH3+])c1ccc(Cl)c(F)c1
95,23,781,6078,C[NH+]1CCN(c2ccc(CN(C(=O)c3ccc(C(F)(F)F)cc3)c3ccc(F)cc3)cn2)CC1
96,99,482,1020,CC[NH+](CC)CCOC(=O)c1ccc(C(C=C(N)C(F)(F)F)=Nc2ccccc2Cl)cc1
97,23,222,6072,O=C([O-])C1CN(C(=O)NCCc2c[nH]c3ccc(F)cc23)CC1C(F)(F)F
98,48,143,1967,Cc1csc(C(N)CC(F)(F)F)n1
99,73,960,1711,Cc1coc(SCc2csc(C(=O)NN)n2)n1
100,24,946,3306,C=CCN(C(=O)NCc1ccc(F)cc1)[NH+]1CC(=O)N2C(Cc3ccc(N)cc3)C(=O)N(Cc3cccc4ccccc34)CC21
101,21,674,8835,N[N+](O)(N=O)c1ccccc1
102,44,403,5846,c1ccc(c2cccc3c2c2c4oc5c(ccc6c5c5ccccc5n6c5ccccc5)c4ccc2n3c2ccccc2)cc1
103,65,305,5516,CCCC(=O)NS(=O)(=O)C(NC(=O)c1ccccc1OC)C1(c2cccc(F)c2)CC[NH2+]CC1
104,52,577,5277,Cc1ccc(Cn2cc(c3nn(C4CC5(CCN(C(=O)OC(C)(C)C)C5)C4)c(N)c3C#N)cn2)cc1C(F)(F)F
105,8,408,9441,CCCCC(Nc1ccc(C)cc1Cl)C(=O)OC
106,74,557,5630,Cc1ccc(Cc2cnc(NC(=O)c3ccc(CS(C)(=O)=O)cc3)s2)cc1
107,28,24,320,Cc1cccc(C(C)C(=O)N(C)c2ccccc2Br)c1
108,75,30,1405,Cc1ccc(C)c2c1CCc1ccccc1C2
109,52,459,4035,COCOc1ccccc1c1cc(c2ccccc2C(=O)NCCN(C(=O)[O-])C(C)(C)C)c(C#N)c(NC(=O)c2cccs2)n1
110,42,706,7218,COc1ccc(N(C(C)c2cccc(C)c2)S(=O)(=O)c2ccc(OC)cc2)cc1
111,65,742,3764,CC1C=CN(C)C(C(CCN2c3ccccc3Oc3ccccc32)S(=O)(=O)[O-])[NH+]1C
112,89,727,5024,CC(C)OC(=O)c1ccc(NC(=O)COc2ccc(Cl)cc2C(N)=O)cc1
113,28,230,6396,CC(C)CC(C[NH3+])C(=O)Nc1ccc(Cl)c(C(N)=O)c1
114,30,227,3048,CCc1ccc(N2c3cccc(C(=O)[O-])c3OCC2CO)nc1
115,44,339,6951,Cc1cc(Cl)c2nc(Cl)nc(N(C)C)c2c1
116,0,248,2093,O=[N+]([O-])c1cnc(Cl)nc1N1CCC(CCO)C1
117,42,706,9166,CCOc1cc(C=NNS(=O)(=O)c2cc(C)ccc2C)ccc1O
118,44,184,9185,O=C(c1cnc2ccccc2c1)n1ccnc1
119,42,698,2841,Cc1cccc(C(NC(=O)c2coc(S(=O)(=O)N(C)C)c2)C(=O)[O-])c1C
120,21,751,7659,CCOC(CCOc1c(C)cc(Br)cc1[N+](=O)[O-])C(=O)[O-]
121,96,657,8489,Cc1ccn(CCC(=O)N2CCC3(CC2)CC3C(=O)NCCC2=CCCCC2)n1
122,78,655,661,COCC([NH2+]C(C)Cc1ccc(C)s1)C(C)C
123,8,214,404,CCC[NH2+]C(c1cncc(F)c1)c1cccc(Cl)c1
124,32,89,930,Cc1cccc(C#N)c1SC(C)CCl
125,36,35,6105,CC1OCCC12CN(C(=O)CC(C)(C)C)CCO2
126,3,340,7917,Cc1ccc2cccc(Oc3nccc(N)n3)c2n1
127,14,593,487,Cc1nccn1CC(C)[NH2+]C1(c2cc(F)cc(F)c2)CC1
128,73,578,9547,[NH3+]C(CCc1ccccc1)c1csc(NC(=O)Nc2cccc(C(F)(F)F)c2)n1
129,48,504,3199,Cn1ccnc1SCC(C#N)(NC1CC1)C1CC1
130,8,602,6633,[NH3+]CC1(C(=O)c2ccc(F)c(F)c2)CCCCC1
131,10,584,4942,COC(=O)C1(c2ccccc2)CCN(C(=O)c2cccc(CS(=O)(=O)c3ccccc3)c2)CC1
132,41,589,743,NC(=O)c1cccc(c2nccnc2C2CCCN(C(=O)Cc3c[nH]c4ccccc34)C2)c1
133,58,151,4900,Cc1nc2ccc(c3cc(CCC(=O)[O-])n(C)n3)cc2[nH]1
134,81,396,8209,CCC(NC(=O)NC(CCCC[NH3+])CC(N)=O)NC(=O)C1CCCCC1[NH3+]
135,15,536,4442,N#CC1C(c2ccc(c3cccc(F)c3)cc2)C(CO)N1C(=O)c1cccnc1
136,21,989,7196,CN(CC1CC(O)C1)c1ccc([N+](=O)[O-])c(C(F)(F)F)c1
137,63,471,5843,CCCC(CCCC1CCC(O)CC1)C(=O)[O-]
138,58,124,5142,CN(CC(F)F)C(=O)N1CC(n2cc(C(=O)[O-])nn2)C1
139,53,757,3657,COCCNc1nccn1Cc1ccc(C(C)C)cc1
140,64,765,2287,CCC(C)NC(=O)c1cccc(NC(=O)C[NH+]2CCC(C(=O)N3CCCC3C(=O)Nc3ccc(OC)c(NC(=O)c4ccccc4F)c3)CC2)c1C
141,41,121,2205,CC(=O)N1CCCc2nc(C[NH3+])cnc21
142,40,479,8877,O=S(Cc1ccccc1Cc1ccccc1)Cc1ccccc1Cc1ccccc1
143,17,895,6868,O=C(c1ccoc1)N1CCCC(c2nc3ccc(c4ccncc4)cn3n2)C1
144,44,821,6550,Fc1cccc(Cn2ccc3cc(C=Nc4ccc(F)cc4F)ccc32)c1
145,40,941,7581,O=S(=O)([O-])C(F)(F)CCCCCCCO
146,92,106,8370,O=c1cc(C2CC2)[nH]c(c2ccc(Br)cc2C(F)(F)F)n1
147,64,746,5431,Cc1ccc(NC(=O)c2cccc(NC(=O)C[NH+]3CCC(C(=O)NC(C(=O)Nc4ccccc4C(C)C)C(C)C)CC3)c2C)cc1F
148,53,433,1876,CC1CN(c2ccnc(N(C)C)n2)CC(CO)O1
149,38,682,1274,CC(C)(C[NH2+]Cc1ccccc1)c1ccc(N)cc1
150,66,556,4850,CC(C)(C)c1cccc(Oc2cc(c3ccc(OC(F)(F)F)cc3)ccc2C=O)c1
151,97,470,6964,COC(=O)CCCCC=C(COc1cccc2ccccc12)C(=O)NC1CC[NH+](C2CCCC2)CC1
152,49,875,4707,CN(CCCc1ccccc1)C(C)(C)C[NH3+]
153,76,516,5266,CCn1c(SCC(=O)Nc2ccc(Br)cc2Cl)nnc1C(C)Oc1ccc(OC)cc1
154,63,461,7348,C=CCOCC(F)(OC(F)(F)C(F)(OC(F)(F)C(=C)F)C(F)(F)F)C(F)(F)F
155,10,430,8793,CC1CC(C(=O)[O-])CN(S(=O)(=O)c2cc(F)ccc2OC(F)F)C1
156,47,559,6895,CCOC(=O)CSCC(=O)Nc1sc(c2ccccc2)c(C)c1C(=O)OCC
157,31,534,2655,CCC(CC)(C([NH2+]C)c1ccc(OC)cc1C)N(C)C
158,83,495,9434,CCOc1ccc(n2c(C)cc(C(=O)COC(=O)c3c(OC)cccc3OC)c2C)cc1
159,88,788,6000,COc1ccc(CC#N)c2scc(N)c12
160,17,99,4446,Cc1cc(OCC(=O)NC2CCCCC2)nc2c1c(C)nn2C
161,28,147,8341,Cc1ccc(CNc2ccc3c(c2)C(=O)NC3=O)cc1F
162,71,725,1305,CCC(C)C(NC(=O)C(C)NC(=O)C(NC(=O)C(NC(=O)C(C)NC(=O)C(CCCC[NH3+])NC(=O)CNC(=O)C(CC(N)=O)NC(=O)C[NH3+])C(C)O)C(C)C)C(=O)NC(CC(C)C)C(=O)NC(C(=O)NC(CCCC[NH3+])C(=O)NC(CCC(=O)[O-])C(=O)NC(CCCC[NH3+])C(=O)NC(C(=O)NC(CCC(=O)[O-])C(=O)NC(Cc1ccc(O)cc1)C(=O)NCC(=O)NC(CCC(=O)[O-])C(=O)NC(CCC(=O)[O-])C(=O)[O-])C(C)C)C(C)C
163,67,651,4594,CCCNC(=O)C(CC)N(Cc1ccccc1)C(=O)CN(c1ccc(Br)cc1)S(=O)(=O)c1ccccc1
164,33,78,2019,O=C(CC1COCC[NH2+]1)NC1CCN(c2ccccc2)C1=O
165,32,134,5249,ClB(P(c1ccccc1)c1ccccc1)P(c1ccccc1)c1ccccc1
166,42,579,2375,Cc1ccc(OCCNS(=O)(=O)c2ccc([N+](=O)[O-])cc2)cc1Cl
167,34,590,2779,Cc1ccc(CSc2nnc(Cc3ccccc3)n2N=Cc2ccc([O-])c([N+](=O)[O-])c2)cc1
168,13,773,3997,CCCCNc1nc(c2ccc(C)n(C)c2=O)cs1
169,63,461,3206,CCOC(=O)SSCCCCSSC(=O)OCC
170,0,21,9816,C[NH2+]CC1CCCN1C(=O)c1ccc(C(C)(C)C)c([N+](=O)[O-])c1
171,65,996,2247,COc1ccc(CN2CC(C)c3c(Nc4ccccc4S(=O)(=O)NC4CCCCC4)nc(Nc4ccc(N5CCOCC5)cc4OC)nc32)cc1
172,32,528,9556,C#CC(C#C)=C(C#C)C#CC=O
173,94,556,5253,CC(C)(C)OOC(c1ccccc1)(c1ccccc1)c1ccccc1
174,8,602,3930,FC(c1ccc(Cl)c(Cl)c1)C1CCC[NH2+]C1
175,14,284,6023,CCCn1ncnc1C[NH+](CCOC)CCC(=O)OC
176,23,428,5905,O=C(NCc1cccnc1)c1cccc(C[NH+]2CCN(c3ccccc3F)CC2)c1
177,9,899,3580,CCOCCNC(=O)C1CCNc2ccccc21
178,45,281,7020,CCCC(=O)Cc1ccc(OC)cc1
179,74,453,8539,Cc1ccsc1c1n[nH]c(S(N)(=O)=O)n1
180,39,599,8621,N#CCc1c(OC(F)(F)F)ccnc1Br
181,82,170,2492,CCOc1ccc2cc(C(=O)NC)c(=O)oc2c1
182,32,866,9740,O=CC(O)C=Cc1ccccc1
183,44,768,7333,CNc1ccc2c(c1)nc1cc(I)ccn12
184,7,496,8274,CCCCc1nc(C)n(c2ccc(OC(C)(C)C)cc2)c(=O)c1Cc1ccc(c2ccccc2)c(c2nc(=O)o[nH]2)c1
185,93,601,6041,CN(C(=O)Nc1ccc(Oc2ccccc2)cc1)C1CCCCC1
186,23,179,1486,O=C(Nc1ccccc1N1CCCCC1)c1cc2c(F)cccc2s1
187,65,802,5590,CCS(C)(=O)=Nc1ccc(Oc2ccc(F)cc2F)c(c2cn(C)c(=O)c3[nH]ccc32)c1
188,88,582,7825,CCc1cc2c(c(Br)c1O)OC(=O)C(c1csc(C)n1)C2
189,90,488,4992,CCCCNS(=O)(=O)c1ccccc1C=C(C)C(=O)[O-]
190,8,548,8227,CC[NH2+]C(Cc1ccc(Cl)c(F)c1)c1cc(F)ccc1F
191,67,651,7867,Cc1ccccc1N(CCCC(=O)N(Cc1c(Cl)cccc1Cl)C(C)C(=O)NC(C)C)S(C)(=O)=O
192,80,827,2844,CC[NH2+]C1CCCc2nc(N(C)Cc3cc(Br)cs3)sc21
193,73,221,8554,Cc1csc2nc(c3cc(Cl)ccc3Cl)c(C=O)n12
194,33,186,2019,O=C1CCN1c1cccc(CNC(=O)C2([NH+]3CCOCC3)CCC2)c1
195,73,119,902,Nc1nc(=O)c2[nH]c(SCc3nnco3)nc2[nH]1
196,22,948,4208,Cc1nc(C[NH+]2CCCN(C(=O)Cc3nc(c4ccccc4)sc3C)CC2)cs1
197,93,152,8428,CCN(CC1CCC1)c1sc(C(=O)C2CC2)c(N)c1OC
198,35,199,503,CC(CN1CCCCC1)[NH2+]C(C)c1ccc(I)cc1
199,70,796,684,COc1ccccc1C(Br)c1cc2c(cc1Br)OCCO2
200,15,349,9280,O=C1NC(=O)N(CCCn2ccnc2)C1c1cccc(Cl)c1
201,72,724,3332,Cc1ccc(S(=O)(=O)N2CC[NH+](CC(=O)NCC3(C)CCOC3)CC2)cc1
202,3,616,3907,CCCc1ccc(C(C)[NH2+]Cc2ccc(OC)nc2)cc1
203,68,879,2328,COCCCNc1ncnc(NNc2ccccc2)c1N
204,0,218,6142,COc1ccc(C(=O)N2CCOC(C#N)C2)cc1[N+](=O)[O-]
205,23,233,7993,O=C(c1cccc(Cl)c1)N(CC1CCC[NH2+]1)C1CC1
206,48,904,9768,CCC[NH2+]C(c1ccoc1)c1nccc2ccccc12
207,12,512,3095,CN(CC1CC[NH+](C)CC1)C(=O)CCC1CCC([NH3+])CC1
208,0,812,8251,COc1cc(Br)c(F)c([N+](=O)[O-])c1NCC[NH+]1CCOCC1
209,82,559,5363,CCOC(=O)CNC(=O)c1sc(c2ccc(F)cc2)cc1C(=O)OC
210,79,245,5015,Cc1nnsc1C(=O)NCC1CCN(S(=O)(=O)N(C)C)CC1
211,31,420,9990,CCCCOc1ccc(C[NH2+]Cc2cccc(Cl)c2)cc1
212,21,705,8682,CCCC(C)COC(=O)c1cc(F)ccc1[N+](=O)[O-]
213,57,946,232,O=C(Nc1cccc(Cl)c1Cl)NC1CC2C(=O)NC(Cc3ccc(O)cc3)C(=O)N2C1
214,84,100,9228,CNC(=O)c1cn(OC)c2ncoc12
215,40,939,7159,O=C([O-])c1cc(Cl)cc(S(=O)(=O)CC(Cl)=CCl)c1F
216,52,845,8375,C=C(CC1CC[NH+](CC(NC(=O)OCC)C(C)(C)C)CC1)[NH2+]Cc1cc(Cl)cc(Cl)c1
217,47,620,2155,CCOC(=O)c1cc(C)nc2sc3c([nH]c(=O)c(C(C)=O)c3c3ccc(OC)cc3)c12
218,65,546,5527,COc1cc(C(=O)NC(C)CO)ccc1Nc1ncc(C(F)(F)F)c(NCc2ccc(C)cc2N(C)S(C)(=O)=O)n1
219,23,428,6045,O=C(C=CC=CC1(F)CC1c1ccc(Br)c(Br)c1)NN1CCCCC1
220,31,66,1878,CC(SCc1cccc(OCCF)c1)C([NH3+])C(=O)[O-]
221,56,303,1184,CC(C)NC(=O)c1ccccc1NCC(=O)NCC1(c2ccccc2)CC1
222,30,56,9431,COc1cccc(CC(=O)NC(c2cccc(OC)c2)c2nccn2C)c1
223,18,932,6625,CC(C)CC(NC(=O)C1CCCN1C(=O)C[NH3+])C(=O)NC(C(=O)[O-])C(C)O
224,75,685,8911,CCCC(=O)C(C#N)c1cccnc1
225,13,840,7851,Cc1noc(C)c1CSc1ncccc1C(=O)N1C2CCC1CC(=O)NC2
226,56,147,1907,CCCCCCCCCC(=O)C1C(=O)Nc2cc(Cl)ccc21
227,86,998,9477,Cc1ccc(C)c(NC(N)=[NH+]CC(C)C)c1
228,94,307,6605,CCOc1cc(C=NOC(=O)CC)ccc1OC(=O)CC
229,24,770,1435,Cc1ccc(F)cc1NC(=O)N1CCC(c2nc(c3ccc4ccccc4n3)no2)CC1
230,49,985,1403,CCSCCC(C[NH3+])N1CCC(C(C)C)CC1
231,36,968,7759,CC(C)(C)c1ccc(OCC(=O)N2CCSCC2)cc1
232,78,634,1664,CCC[NH2+]C(CCCOCC)CCC(C)C
233,35,593,8748,CCCn1c(C#N)cc(N)c1Cc1cccc(Cl)c1
234,23,781,6925,CCN(CC)C(=O)C1CCN(c2cc[nH+]c3cc(Br)cnc23)CC1
235,78,370,5479,CCOC1CC([NH2+]C(CO)C(C)C)C12CCCCC2
236,87,959,6415,CCC(NC(=O)C1CCC(=O)N1Cc1ccc2c(c1)OCO2)c1ccccc1
237,16,178,1048,C[NH+](C)C(C)(C)CNS(=O)(=O)c1ccc(Br)cc1Cl
238,33,592,1310,CC(CNC(=O)NCCO)[NH+]1CCN(c2ccccc2)CC1
239,37,60,2087,CC(C)C[NH+](C)CC(=O)NCC(C)c1ccccc1
240,99,301,5049,CCN(CC(=O)[O-])C(=O)Nc1ccc(C)cc1F
241,59,42,4583,CCOC(=O)C1=C(c2ccccc2)N=c2sc(=Cc3ccc(c4cc([N+](=O)[O-])ccc4OC)o3)c(=O)n2C1c1ccc(SC)cc1
242,19,552,1825,CC(C)(CO)[NH2+]CC(=O)N1CCCC1C(=O)c1nnc(C2(C)CCCCC2)o1
243,1,530,5205,COC(=O)Cc1ccccc1C(CCc1ccccc1)C(N)=O
244,37,33,6976,CCNC(=O)CC(C[NH3+])N(C)CCOCC
245,30,48,6384,CC(=O)c1cccc(n2ccn(C(C)C)c2=O)c1
246,82,844,8848,NNC(=O)c1coc(COC(C(F)(F)F)C(F)(F)F)c1
247,56,913,6874,CC(C)(C)C(=O)NCC1(c2cccc(Cl)c2)CC1
248,48,144,8390,Cc1ccc(CCNc2n[nH]c(N)n2)s1
249,62,150,1665,CNc1cc(C(F)F)[nH+]c2c(Br)ccc(C)c12
250,42,865,6740,COc1ccc(CO)cc1S(=O)(=O)NC1CCCC1C
251,34,666,4912,Cc1cc([N+](=O)[O-])cc(c2nc(CCl)co2)c1
252,67,177,4428,Cc1cc(N(C)C(=O)OC(C)(C)C)cc(C)c1CCS(=O)(=O)N1CCC(NC(=O)CCCCCCCC(F)(F)C(F)(F)F)(C(N)=O)CC1
253,49,20,2048,CC[NH2+]C(C1CC(C)CC(C)C1)C(C)(C)N1CCCC1
254,89,95,463,Cc1ccc(C)c(C(=O)OCC(=O)Nc2ccc3c(c2)C(=O)c2ccccc2C3=O)c1
255,59,42,1679,COc1cc(C(=O)N(Cc2ccccn2)c2nc3c(C)cc(C)cc3s2)c([N+](=O)[O-])cc1OC
256,41,49,8666,CC1c2cccnc2N(C2CC[NH2+]CC2)C(=O)CC1CC(=O)[O-]
257,70,688,4365,O=C([O-])CC(OC(=O)c1cc2ccc1o2)(C(F)(F)F)C(F)(F)F
258,12,910,3506,CCN1CCN(C(=O)NC2CC[NH+](C)CC2)C(C)C1=O
259,97,947,4907,COc1cccc(C[NH+]2CCC(C(=O)N(CCO)Cc3ccccc3)CC2)c1OC
260,96,469,8876,CCc1nc(CN(CCOC)CC2CCC[NH2+]2)no1
261,66,556,5769,COc1cc(F)c(C(C)(C)C#N)c(F)c1
262,27,168,1933,CCc1cc2c(CC#N)c(CO)ccc2s1
263,77,878,1196,CCC(CC)C(=O)NCC(=O)Nc1ccc(OC)c(OC)c1
264,96,93,7633,CCC(=O)N1CCCN(C(=O)c2cn[nH]n2)CC1
265,48,921,6209,CCCNc1nc(C)cc(Sc2cccc(C)c2)n1
266,42,965,456,CCN(Cc1ccc(OC)c(OC)c1)C(=O)c1ccc(OC)c(S(=O)(=O)NC)c1
267,63,471,6617,CCC#CCC(C)C(O)C#CC1C(O)CC(F)C1CC(=O)CCCCC(=O)[O-]
268,1,481,8287,C#CC(OC)C(C=CC)=Nc1ccccc1C(=O)OC
269,70,704,7825,Cc1c([O-])c(C)c(c2cc3cc(OCc4cncs4)ccc3o2)oc1=O
270,73,70,6886,CC1(c2cc(NC(=O)c3ncc(F)cc3F)ccn2)CCSC(N)=[NH+]1
271,16,51,2073,O=C(CCS(=O)(=O)Cc1ccc(Cl)cc1)Nc1ccccc1F
272,93,455,9715,CCOC(=O)CCNC(=O)C(c1ccccc1O)N(C(=O)C(Cc1ccc(O)cc1)NC(=O)OC(C)(C)C)C1CCC1
273,17,600,7505,COc1ccc(C=CC(=O)N2CCN(c3c(C)n[nH]c3C)CC2)cc1OC
274,97,566,2499,CC(C)(C)[NH2+]CC(O)Cn1ccccc1=O
275,60,860,1919,COC1CCC2(CC1)Cc1ccc(c3cnccn3)cc1C2=NC#N
276,15,297,5974,CN1C(=O)N(C)C(=O)C2(C1=O)C(c1ccc(F)cc1)NC(=O)NC2c1ccc(F)cc1
277,66,571,2391,Cc1ccc(C)c(OCc2cc(F)cc(B(O)O)c2)c1
278,17,895,8489,CCC(=O)Cc1ccc(c2cnc3n[nH]c(c4nc5c(C(=O)N6CCCC6)cncc5[nH]4)c3c2)cn1
279,90,813,9351,CS(=O)CC(NC(=O)[O-])c1ccccc1Cl
280,85,259,5383,CCOCCCNC(NCCc1ccco1)=[NH+]CC(C)SC
281,67,651,5946,Cc1ccc(S(=O)(=O)N(CC(=O)N(Cc2ccc(Cl)cc2Cl)C(C)C(=O)NC(C)C)c2ccc(Cl)cc2)cc1
282,96,850,7655,Cn1ncnc1C[NH+]1CCC(C(=O)[O-])C1
283,51,794,5972,NN=C1COCc2cccc(Cl)c21
284,60,491,9287,CCCCCC1CCC(CCc2ncc(c3ccc(CCCC)cc3)cn2)CC1
285,15,280,4114,CCCn1c(=O)ccn(c2cc(OC(C)C)c(Cl)cc2F)c1=O
286,70,796,684,OC(Cc1c(F)cccc1F)C1COc2ccccc2O1
287,30,44,4983,Cc1cccc2c(=O)n(C)c(C(=O)[O-])nc12
288,84,926,7386,COc1cccc(c2nnc(C34CC5CCCC(NC(=O)c6cccc(C)n6)(C3)C(C5)C4)o2)c1
289,18,78,6062,O=C(NCCN1C(=O)CCC1=O)N1CC[NH+](C2CCCC2)CC1
290,79,208,6525,Nc1ccc(N2CCN(S(=O)(=O)c3cnc[nH]3)CC2)cc1
291,16,662,4561,CONS(=O)(=O)c1ccc(CC#N)cc1
292,84,77,7239,CC(=O)Nc1cc(=O)n(c2ccccc2)nc1c1ccccc1
293,14,490,3109,C=CCNC(NCCCCC1CCCC1)=[NH+]Cc1nnc(C)n1C
294,9,478,2980,O=C([O-])CCCCCCCNC(=O)c1cc(F)cc2cccnc12
295,8,82,7457,COC(C)(C)CC(C)[NH2+]Cc1cccc(Br)c1
296,55,108,3594,Cc1ccc(NC(=O)c2cc3cc(Cl)ccc3n2NC(=O)C(=O)NC(C)c2ccccc2)cc1C
297,92,155,7999,CC(C)[NH2+]Cc1cnc(Oc2cccc(F)c2)nc1
298,15,332,2379,COc1cc(OC)c2cc(C(=O)N(C)C(C(N)=O)c3cccc(F)c3)[nH]c2c1OC
299,90,136,3338,O=C([O-])C1CCCC1CNS(=O)(=O)CCc1ccccn1
300,62,670,3696,CC(C)C(C)CNc1ncc(Br)cc1Cl
301,34,699,920,Cc1occc1SCc1nnc(c2ccc([N+](=O)[O-])cc2)o1
302,60,351,2563,COC(=O)c1cc2c3ccccc3nc-2c(c2ccc3cc(F)ccc3n2)[nH]1
303,38,353,2870,CNC1(C#N)CCC(c2ccccc2)CC1
304,6,707,7785,C[NH2+]CC1CCC1C(CCCC(C)C(C)C=O)C1OCC(N2CC(F)(F)C2)CO1
305,33,644,8473,O=C([O-])CC1CN(CCCO)c2ccccc21
306,47,997,2719,Cc1cc(C)nc(SCC(=O)OC(C)C(=O)Nc2ccc(Cl)cc2F)n1
307,50,85,2757,[NH3+]CCOCc1nc(c2ccc(Br)cn2)no1
308,82,278,787,COC1C=CC=C(C)C(=O)NC2=C(O)C(CC(C)CC(OC)C(O)C(C)C=C(C)C1OC(N)=O)c1nc3c(nc1=C2)C=CC(Cl)C=3
309,85,259,2711,CCCCC(CC)CNC(NC(C)COC)=[NH+]C
310,54,772,4297,COc1ccccc1N1CC[NH+](C2CCCC2C[NH3+])CC1
311,4,279,3531,C=C(C)C(=O)ONC1C(O)CCC1CCCC(C)C
312,95,824,6634,Nc1nnc(C[NH+]2CCOC3CCCCC32)s1
313,96,474,4269,COCC(=O)NCc1cc2n(n1)CCC[NH+](C1CCCCC1)C2
314,44,257,8467,Cc1cccc(N(c2cccc(C)c2)c2c3ccc(C4CC5CCC4C5)cc3c(N(c3cccc(C)c3)c3cccc(C)c3)c3ccc(C4CC5CCC4C5)cc23)c1
315,80,2,5548,CN1CC[NH+](C)C(CNc2nc3ccc(F)cn3n2)C1
316,1,481,6346,COC(=O)c1ccccc1C[NH2+]C(C)C(=O)[O-]
317,61,621,6580,O=C([O-])c1cccnc1N1CCC(CF)C1
318,11,322,8236,COc1cc(CC#N)c(F)cc1N
319,58,206,4490,O=C(ONC1CCC(n2cncn2)CC1)C(F)(F)F
320,24,175,552,Clc1ccccc1CC1CCOc2cc(c3ccnc(Nc4ccn[nH]4)c3)cc3nnc1n23
321,89,591,5919,CCOc1ccc(C(=O)Nc2ccc(Br)c(C)c2)cc1Br
322,63,764,4453,CCCCC=CCCCCCCCC(=O)OC(COC(=O)CCCCC=CCC=CCC=CCCCCC)COC(=O)CCCCCCCC=CCCCCCC
323,5,439,9227,C=C(C)C(=O)OCCC[Si](C)(O[Si](C)(C)O[Si](C)(C)CCCCP=O)O[Si](C)(C)O[Si](C)(C)CCCOPC
324,18,349,3550,O=C(NCC(F)(F)F)C1CN(Cc2ccccc2)C(=O)N1
325,35,79,3274,C=Nc1ccccc1N(CCN1CC[NH+](C(C)c2ccc(F)cc2)CC1)CSCC(=C)Nc1ccc(N)cc1Cl
326,92,112,7786,CC(C)Oc1ncnc(Oc2ccccc2Cl)c1N
327,37,524,714,C=CC=C(C)OCC[NH+](C)C
328,4,547,2269,COC1=C(CC2CCCC3CCCCC32)C(=O)C([O-])=CC1=O
329,58,832,8004,O=C([O-])CCn1c2ccccc2nc1c1cn[nH]c1
330,68,491,2682,CC(C)CCc1nc2c(c(NN)n1)CCCCC2
331,50,737,3185,CC(C)C(NC(=O)Cc1ccc2c(c1)CCO2)c1nc(c2ccncc2)no1
332,24,355,7244,COCCCN(Cc1c(C)nn(c2ccccc2)c1N1CC[NH+](C)CC1)C(=O)c1ccccc1Cl
333,85,885,8707,CCOc1cccc(CNC(NCCC2CC[NH+](CC)CC2)=[NH+]C)c1OC(F)F
334,41,568,6442,CCC(C)C1C(=O)Nc2ccc(NC3CC3)cc2-c2nc3cc(N4C(C)(C)CC([NH3+])CC4(C)C)ccc3n21
335,64,350,57,CCC(C)C(=O)Nc1cc(NC(=O)C(NC(=O)C2CC[NH+](CC(=O)Nc3cc(C(=O)NC)ccc3Cl)CC2)C(C)C)ccc1Cl
336,16,734,9370,CCC(NS(=O)(=O)c1ccc(C)cc1)C12CC3CC(CC(C3)C1)C2
337,8,240,2497,C[NH2+]C(CSC)c1ccc(Cl)cc1
338,73,578,7642,O=C(Cc1csc(NC(=O)c2cccs2)n1)Nc1ccc(Br)cc1F
339,71,156,8627,CC(C)OC(=O)NC(CC1CCCCC1)C(O)CC(=O)NC(CCC(=O)[O-])C(=O)NCCCc1ccccc1
340,16,501,1820,NS(=O)(=O)c1cccc(NCc2ccc(Br)cc2Cl)c1
341,54,520,899,CCOC(=O)C1(CCCc2c(F)cnc3ccc(OC)cc23)CC[NH+](CCOc2cc(F)cc(F)c2)CC1
342,10,472,3511,CCOC(=O)c1[nH]c(C)c(C(=O)C(C)N(CCCOC)S(=O)(=O)c2ccccc2)c1C
343,54,64,6385,COc1cc(C#N)ccc1N1CC2(CCC2)C1
344,49,573,6188,Cc1c(N)cccc1C[NH+]1CCCCCC1
345,29,183,3523,CNc1nnc(c2cc(C(C)(C)C)nc3ccccc32)s1
346,56,244,8992,CN(C(=O)CC([NH3+])C1CC1)C1CCc2ccccc21
347,23,518,6078,C[NH+]1CCN(c2ccccc2NC(=O)C2CCN(C(=O)c3ccc(C(F)(F)F)cc3)CC2)CC1
348,84,101,571,COc1ccc2oc(C(C)Nc3nnnn3c3ccccc3)c(C)c2c1
349,76,195,1701,CC(C)(C)c1nc2ccccc2c2nnc(SCC(=O)NCCc3ccccc3)n12
350,88,424,2836,Oc1ccccc1C=Nc1nnc(SCc2c[se]c(c3ccccc3)n2)s1
351,49,20,801,C=C1[NH2+]CCN1CC(C)C[NH+](C)C
352,62,150,7679,Nc1ccc2nc(c3cncc(F)c3)[nH]c2c1
353,56,783,9800,CCC(C)(CO)NC(=O)c1cccc(C)c1F
354,56,819,5039,O=C([O-])CCCC(=O)NC(Cc1ccc(c2cccc(Cl)c2)cc1)CC(O)C(=O)[O-]
355,25,227,3064,CCOC(=O)c1cccc(n2c(CC)nc3cc(C)ccc32)c1
356,7,623,7831,CC(NC(=O)N1C(=O)C2(c3cc(C#CC4(O)CCCCCC4)ccc31)C(C(=O)N1CC[NH+](Cc3ccc4c(c3)OCO4)CC1)C1C(=O)OC(c3ccccc3)C(c3ccccc3)[NH+]1C2c1cccc(OCCO)c1)c1ccccc1
357,54,772,4047,COc1cccc(C2CC(=CC(=O)[O-])CC[NH+]2C)c1
358,60,351,1257,CC(C)(C)[Si](C)(C)c1[nH]c2ccccc2c1Br
359,65,330,228,CCC(Oc1ccc(N(C)S(C)(=O)=O)cc1)C(=O)NCc1ccc(C[NH+]2CCCC2)cc1
360,80,827,5191,CCCC[B-]1(CCCC)[N+](C2CCCCC2)=C(NC2CCCCC2)Nc2sc3ccccc3[n+]21
361,27,950,7150,CCc1cc2ccc(SC)c(Br)c2s1
362,73,949,902,Cc1csc(c2nnc(Nc3ccc(Oc4ncccc4c4ccnc(N)n4)cc3)c3ccccc32)n1
363,41,121,7672,Cc1cc(C)cc(NC(=O)c2cccc(c3cnc(N4CCCC4)nc3)c2)c1
364,27,868,9616,Nc1cc([S-])c2sccc2c1C(F)F
365,6,284,6359,CCCCC1C(C=NN2CCCC2COC)=CC=CC1CC#C[Si](C)(C)C
366,59,218,8479,O=C1c2ccc([N+](=O)[O-])cc2C(=O)N1CC(=O)N1CCCC1c1ccc2c(c1)OCCCO2
367,7,984,7071,COCCNC(=O)c1cc(C(=O)c2ccccc2O)cn2c1nc1ccccc12
368,73,578,7058,Cc1ccc2nc(SCC(=O)Nc3ccc(Cc4ccc(NC(=O)CSc5nc6ccc(C)cc6[nH]5)c(Cl)c4)cc3Cl)[nH]c2c1
369,96,909,9436,CSCCCNc1nnc(C[NH2+]C(C)(C)C)o1
370,82,689,9578,CC=CCCNC(=O)C=Cc1cc(Cl)c2c(c1)OCCO2
371,3,476,1993,CNc1nc(C)c(c2cc(OC)cc(OC)c2)o1
372,43,748,3685,[NH3+]Cc1nc2ncc(c3cccc(Cl)c3)cc2o1
373,58,832,2846,C=C(Cl)COC(=O)c1cc2cnn(C(C)C)c2nc1C
374,54,397,754,C[NH+]1CCC(c2ccccc2)C(Oc2ccc3c(c2)OCO3)C1
375,77,725,1963,CCC(Oc1cccc(C)c1)C(=O)NCC(C)(O)C(=O)[O-]
376,41,568,3043,Cn1cc[nH+]c1CCNC(=O)c1ccc2c(c1)CCCC2
377,64,86,2586,Cc1cc(C(=O)NCC(C)C)ccc1NC(=O)C(C)NC(=O)C1CC[NH+](C(C)C(=O)Nc2ccc(Cl)c(C(=O)NC3CCCC3)c2)CC1
378,13,341,1070,COc1ccc(c2ccc(C[NH+]3CCc4[nH]c(SC)nc(=O)c4C3)s2)cc1OC
379,91,753,6443,CC(c1cccs1)N(C)C(=O)C1(C[NH3+])CCCCCC1
380,95,130,9479,OC1(C(F)(F)F)CC[NH+](Cc2csc(c3ccsc3)n2)CC1
381,92,158,1842,CCNc1ccnc(c2cc(Br)c(O)c(OC)c2)n1
382,26,648,561,O=C(Cc1ccc(C2=[NH+]CCN2)cc1)NCCC1C(=O)Nc2ccccc2N1S(=O)(=O)c1ccc(Cl)c(Cl)c1
383,80,223,8086,Cc1ccc(c2c[n+]3c(n2c2ccc(Br)cc2)CCCC3)cc1
384,59,110,7424,CC(C)=C(C(=O)OCc1ccccc1)N1C(=O)C(Br)(Br)C1O[N+](=O)[O-]
385,23,428,7550,O=C(C[NH2+]CCN1CCSCC1)Nc1cccc(F)c1
386,53,64,1775,CCC(c1cc(C(F)(F)F)cc(C(F)(F)F)c1)N(Cc1cc(C(F)(F)F)ccc1N(CC)CC1CCCC1)c1ncc(OCCSC)cn1
387,85,799,1943,C[NH+]=C(NCC[NH+]1CCCCC1)NCC1(C2CC2)CCC1
388,44,257,8057,CC(C)N(c1ccc(c2ccccc2)cc1)c1ccccc1c1cccc2ccccc21
389,98,560,8091,O=C(OCC#Cc1ccccc1)C(O)CO
390,78,408,6777,C#CC[NH2+]C1(C(=O)[O-])CCCC1C
391,55,108,6910,CNC(=O)c1ccn(c2nc(N)ncc2Cl)n1
392,86,58,4546,C=CCC(NN)c1cc(F)cc(Br)c1
393,57,267,9811,COCCCNC(=O)c1nc2nc(c3ccccc3)c(Cl)cc2n1C
394,17,770,7065,CCCCN(CC(=O)N1CCCCC1c1nc(c2cccc(Cl)c2)no1)C(=O)c1ccccc1
395,21,705,2829,C[P+]1(C)CC(C2CCCCC2)=C(c2ccc([N+](=O)[O-])cc2)[B-]1(c1ccc([N+](=O)[O-])cc1)c1ccc([N+](=O)[O-])cc1
396,29,115,4680,C=C(c1cccc(C(F)NC)c1CCC)N1C=CC(N(N)c2ncccc2F)=C([NH3+])C1C
397,77,815,2830,CCC[NH2+]Cc1cccc(Cl)c1OC(CC)C(N)=O
398,72,901,764,CS(=O)(=O)N1CCCC1C(=O)NC(c1ccccc1)C1CC1
399,5,59,356,CCCCCCC=CC=CCCCCCCCC(=O)OCC(COP(=O)([O-])OCC(O)COP(=O)([O-])OCC(COC(=O)CCCCCCCCCC(C)C)OC(=O)CCCCCCCCCCCCCCCC(C)C)OC(=O)CCCCCCCCCC(C)C
400,10,369,4146,CB(O)N1CC(OS(C)(=O)=O)CC1COC(=O)C(C)(C)C
401,58,639,5610,Cc1[nH]ncc1C(O)C(=O)[O-]
402,36,754,1956,CC12CC3CC(C1)C(CC(=O)N1CCCc4ccccc41)C(C3)C2
403,64,94,3627,Cc1cccc(C(=O)Nc2cc(NC(=O)C3CC[NH+](C(C)C(=O)Nc4ccc(C(=O)N5CCCCC5)cc4C)CC3)ccc2F)c1
404,61,411,5137,CCC1(CC)CCN(C(=O)c2cccnc2Br)C1
405,26,640,8995,O=C(Nc1ncc(Cc2ccccc2Cl)s1)C1=CN2CCS(=O)(=O)N=C2C=C1
406,13,311,81,CCCCn1c(SCC(=O)N(C)Cc2ccccc2OC)nc2ccccc2c1=O
407,93,979,3653,COc1ccc(CN(C)C(=O)C2CCC(NC(=O)C3CC3)CC2)cc1O
408,21,506,6502,COc1ccccc1CC([NH3+])Cc1cccc([N+](=O)[O-])c1
409,10,430,9100,CCc1ccc(C(=O)C(C)OC(=O)c2ccc(Cl)c(S(=O)(=O)N3CCCCC3)c2)cc1
410,65,330,7610,COc1ccc(C(CNC(=O)C2=C(c3ccccc3)S(=O)(=O)CCO2)[NH+]2CCCC2)cc1
411,6,321,8079,Cc1ccc(C([NH3+])CC[NH+]2CCCC2CO)cc1
412,96,290,6412,CN(C)c1noc(C2CCC[NH+](CC3CCC[NH2+]C3)C2)n1
413,9,928,6610,CSCCC(NC(=O)C(C)NC(=O)C(NC(=O)C([NH3+])Cc1cnc[nH]1)C(C)C)C(=O)[O-]
414,49,308,7269,C#CCCC[NH+](CCC)CC(C)(C)C[NH3+]
415,62,670,3529,CCCCCCCc1nccnc1Cl
416,11,477,6031,Cc1cc(O)ccc1NCc1ccccc1Cl
417,97,270,4288,Cc1nc(=O)[nH]c(C)c1CCC(=O)N1CCOCC1CC(C)C
418,60,639,8761,O=C(CCc1ccncc1)c1cc(c2ccc3[nH]c(C(=O)Cc4ccncc4)cc3c2)ccn1
419,46,987,6936,C=CCN1C(=O)C(CC(=O)Nc2ccccc2)SC1=[NH+]NC(=O)c1ccccc1O
420,98,793,8500,OC1CCC(C2(c3ccccc3)COC2)CC1
421,75,250,4568,CC1=CC(C)C2(C)C=CC(=O)C(C)C2C1
422,62,52,7964,Cc1nc(C2CCCC2C)nc(Cl)c1I
423,12,609,3113,CC1CCC(CNC(=O)C(C)(C)N2CC[NH2+]CC2)C1
424,23,518,541,C[NH+]1CCN(C(=O)c2c(N)cccc2Cl)CC1(C)C
425,96,188,358,Cc1c(C[NH+]2CCC3(CC2)c2nc[nH]c2CCN3C(=O)C2CCC2)cnn1C
426,6,877,6656,CC1OCCC1(C)N1CCC[NH2+]C(C)(c2ccccc2)C1
427,78,81,7223,CCOC(=O)CCc1ccc(CC[NH3+])cc1
428,93,120,3489,COc1ccc(CCN(C)c2cc[nH+]c(C=Cc3ccc(NC(C)=O)cc3)c2)cc1OC
429,41,262,6650,CCCCC(CC)CNc1nc(N2CCN(C(=O)Nc3ccccc3)CC2)nc2c1ncn2Cc1cccc(C)c1
430,43,817,9766,CCCc1cc(C(=O)NCc2ccc(F)cc2)cc(Cl)n1
431,89,304,8853,CC(O)CNC(=O)C(C)Oc1cccc(Cl)c1Cl
432,0,989,3613,CSCCCCCC[NH2+]C(C)c1cccc([N+](=O)[O-])c1
433,96,909,7779,CSCCC(NC(=O)c1cccc(C)c1)C(=O)NCCc1cnn(c2ccccc2)c1
434,94,193,4592,COc1cccc(C=C2CCC(Oc3ccccc3)CC2=O)c1
435,47,97,7515,COc1cc(C(=O)NN=Cc2cccc(OCc3cnc(Cl)s3)c2)cc(OC)c1OC
436,84,485,1800,CC(=O)c1c[nH]n2c(=O)nc3ccccc3c12
437,5,733,7088,C=C[N+]1(OP(=O)([O-])OP(=O)([O-])[O-])CCCC1
438,89,727,3297,O=Cc1c(Cl)cccc1OCC(=O)Nc1cccc(Br)c1
439,87,117,8944,CN1C(=CC=C2CCCC(C=CC3=[N+](C)c4ccc5ccccc5c4C3(C)C)=C2OC2CCN(c3cc4c(c5ccccc35)N=CC3(O4)N(C)c4ccccc4C3(C)C)CC2)C(C)(C)c2c1ccc1ccccc21
440,79,28,764,O=C(Nc1cccc(S(=O)(=O)NC2CC2)c1)C1CCCN1C(=O)c1ccco1
441,74,258,7926,CNS(=O)(=O)c1cc(C(=O)Nc2ncc[nH]2)n(C)c1
442,25,133,3929,CCn1ccnc1C=CC(=O)NC
443,84,77,8956,Nn1c(=O)cc2nnc(C(=O)[O-])cn21
444,7,977,5897,CCOC(=O)CC(NC(C)=O)C1OC(n2ncc(=O)[nH]c2=O)C(OC(C)=O)C1OC
445,63,560,3618,CCCC(CO)CCOCCOC
446,79,543,1099,CNS(=O)(=O)c1cccc(CNC(=O)c2ccc(CN3C(=O)CCC3=O)cc2)c1
447,41,49,3714,O=C(c1cnc2ccccn2c1=O)N1CC[NH+](Cc2cccc3cccnc23)CC1
448,65,996,6956,CCOC(=O)C1CCCN(C(=O)C2CCC(Nc3nccc(c4c[nH]c5cccc(OCCCS(C)(=O)=O)c54)n3)CC2)C1
449,77,15,7664,CCOCCOc1ccccc1C(=O)Nc1ccc(CC)cc1
450,12,518,8199,C[NH+](CCNC(=O)CCC1CC[NH2+]CC1)Cc1ccc(F)cc1
451,78,741,2448,[O-][NH2+]CCCCCCCCCCCCCCCO
452,5,439,5335,CCO[Si](CCC1CCC(CCSC(=O)CC)C(CCSC(=O)CC)C1)(OCC)OCC
453,17,467,6901,CCC(C)n1ncc2c(C(=O)N3CCCC(COC)(C(=O)[O-])C3)cc(C)nc21
454,51,190,3505,[NH3+]CC1CCOCCC1c1ccccc1O
455,3,340,3276,COc1cccc(Nc2ncnc(Sc3ccc(C)cc3)c2N)c1
456,87,220,9536,O=C([O-])C1Cc2cc(I)c(OCc3ccc(Cl)cc3Cl)c(I)c2CN1C(=O)C=Cc1cccc(C(F)(F)F)c1
457,31,935,179,COCCNC(N)=[NH+]CCCc1cc(OC)ccc1OC
458,65,747,8413,CCOC(=O)CNC(=O)C(=O)Nc1c2c(nn1c1cccc(Cl)c1)CS(=O)(=O)C2
459,9,12,9244,O=C(NC(Cc1c[nH]c2ccccc12)C(=O)[O-])c1ccc2nc(C3CCCCC3)c(c3ccc(F)cc3)nc2c1
460,3,340,7263,COc1ccc(N(C)c2cc(CCl)cc(C(C)C)n2)cc1
461,1,156,3960,CC(C)(C)OC(=O)NCC(=O)Nc1ccc(CNC(=O)c2cccc(F)c2)cc1
462,37,531,8321,CC[NH+](CCOC)Cc1cc(C(=O)NN)c(C)o1
463,15,359,1938,CC(C)CCC(=O)C1=CN(C(=O)c2ccc(F)c(F)c2)CC2(CCC2)c2c1[nH]c1ncccc21
464,99,766,2372,Cc1cccc(CSCC(=O)N(Cc2ccc(Br)cc2)C(Cc2ccccc2)C(=O)NCC(C)C)c1
465,53,47,74,CCCCN(C)c1ccc(C(=O)N(C)Cc2nc(C)c3ccccc3n2)cc1
466,97,102,7296,CCC(C)c1ccc(OCCCn2c(CCCCCNC(=O)Cc3ccccc3C)nc3ccccc32)cc1
467,85,935,7896,CCOCc1ccc(CNC(NCc2ccc(OC)cc2)=[NH+]C)cc1
468,3,882,5676,CCOc1ccc(NC(=O)c2ccccc2OCc2ccncc2)cc1OC
469,90,358,5319,O=S1(=O)C[P+]2(CS(=O)(=O)N1)CS(=O)(=O)NS(=O)(=O)C2
470,31,422,7468,CC[NH2+]C1CC(Oc2ccc(C(C)(C)C)cc2C)C1
471,95,437,9713,COc1ccc2nc(N)n(CCCCOC(C)C)c2c1
472,64,765,6197,COc1ccc(C(=O)NC2CCCCC2C)cc1NC(=O)CNC(=O)C1CC[NH+](CC(=O)Nc2cc(C(=O)Nc3ccc(C)c(F)c3)ccc2C)CC1
473,68,921,3875,Cc1c[nH+]ccc1NCCC(C)c1ccccc1
474,90,514,1169,CC(CCCO)NS(=O)(=O)CCS(C)(=O)=O
475,94,116,4281,O=P(Oc1cccc2cccc(O)c12)(c1ccccc1)c1ccccc1
476,56,913,828,CC(CCl)CCCNC(=O)C1Cc2ccccc21
477,61,781,6925,CC(=O)N1CCN(c2ncc(C#N)cc2Br)CC1
478,79,659,5160,CCc1ccc(c2cc(NC(=O)C3CCCN(S(=O)(=O)c4cccs4)C3)on2)cc1
479,47,412,6265,COc1ccc(NC(=O)CSc2ccccc2C(=O)Nc2nc(C(C)(C)C)cs2)cc1OC
480,1,335,298,CCOC(=O)C(=[NH2+])N=CC([NH3+])=CI
481,7,708,1498,CCOC(=O)C(C)(C)NP(=O)(COC(C)Cn1cnc2c(N)ncnc21)NC(=O)c1ccc(C(C)(C)C)cc1
482,72,136,6101,CC[NH2+]Cc1sccc1S(=O)(=O)NCC1CCCOC1
483,12,861,156,CC(NC(=O)CC1(O)CCCCC1)C1CCC[NH+](C2CCC2)C1
484,56,228,7506,Cc1cc(Br)cc(NCC(=O)NC2CCOCC2)c1
485,94,866,5709,CP(=O)(c1cccc(C(=O)[O-])c1)c1cccc(C(=O)[O-])c1
486,83,822,1768,COc1cc(C2C3=CCC4C(=O)N(c5ccc(C(=O)c6ccccc6)cc5)C(=O)C4C3CC3=C2C(=O)C=C(Br)C3=O)cc(I)c1O
487,70,417,9795,C=CC(C)(C)CC(C)(C)C1COC(CO)C(Oc2cccc(F)c2)C1Oc1cccc(F)c1
488,80,565,2146,c1nc(C2CCC2)cc(N2CCN(c3cc4c(nn3)CCC4)CC2)n1
489,5,299,7690,CC[Si](CC)(CC)OC(C(C)COCc1ccc(OC)cc1)C(C)C(O)C(C)O
490,21,778,5340,Cc1ccc(C(=O)NC2CCCC2[NH3+])cc1[N+](=O)[O-]
491,0,248,7364,Nc1cccc2c1CN(c1ccc(F)cc1[N+](=O)[O-])CC2
492,76,888,3452,COc1ccc(n2c(SCC(=O)Nc3ccccc3)nnc2c2cccnc2)cc1
493,66,8,3530,O=C(Cl)Cc1ccc(OC(F)F)cc1
494,24,355,959,Cn1ccnc1C1CN(C(=O)Nc2cc(c3ccccc3F)on2)CC[NH+]1C
495,79,245,5982,Cc1cc(C)cc(S(=O)(=O)Nc2cnc(N3CCCC3)c(C(=O)[O-])c2)c1
496,8,602,6986,CC1C[NH2+]CCC1c1ccc(Cl)cc1F
497,81,135,9901,CC(=O)c1ccc(NC(=O)NC(CO)C(=O)NCC(=O)NC(=O)c2ccc([NH+]=C(N)N)cc2)cc1
498,32,134,4407,CCC(Cl)Cc1ccc(Cl)c(Cl)c1
499,45,387,7905,C=CC(=O)OCc1ccc(OC(=O)CCc2ccc(c3ccc(CC(=O)C(=C)C)cc3)cc2)c(C)c1
500,18,189,6001,CCOC(=O)C(C)N1C(=O)CC(=O)NC1=O
501,61,411,1956,CC(C)=C1c2ccccc2CCN1C(=O)C(Cl)(Cl)Cl
502,57,162,8138,C=CCOC1(C)CCN(c2c(C(OC(C)(C)C)C(=O)[O-])c(C)c(C)c3[nH+]c(c4cccc(c5cc(OC(F)(F)F)ccc5OC(C)CC=C)c4)cn23)CC1
503,79,994,8830,CCn1cc2c(n1)-c1c(C)c(C(=O)C3C(=O)CCCC3=O)cc(C)c1S(=O)(=O)C2
504,25,227,3064,CCOC(=O)c1ncn2c1CN=C(c1cccs1)c1ccccc1-2
505,56,934,401,CC(C)(CCCO)CNC(=O)c1cc2ccc(F)cc2s1
506,14,900,8132,BN1CCCC1Cc1cccc(CC)c1
507,56,216,5158,O=C(CCCl)NC(=O)N=CC=C1CC=CC=C1
508,28,837,6495,Cc1ccc(Br)c(C(=O)NCc2ccc(C(N)=S)cc2)c1
509,40,114,5260,Cc1cncc(S(=O)(=O)Cl)c1
510,74,762,6245,Nc1[nH]ncc1S(=O)(=O)c1ccc([N+](=O)[O-])cc1
511,31,805,7687,CCC(C[NH3+])Oc1ccc(CO)cc1
512,92,112,7709,CCNc1cc(Oc2ccc(F)cc2C)nc(C2CC2)n1
513,30,48,8363,CC1(C)CCC(n2c(=O)[nH]c3cc(C(=O)[O-])ccc32)C1
514,6,927,3692,CN(CCO)C(=S)N1CC[NH+](CCO)CC1
515,39,711,6453,CCOc1nc2c(ccc3ccccc32)c2c1C=CC(c1ccccc1)(c1ccccc1)O2
516,11,728,5644,C=C1COc2ccc3ccccc3c2C(=O)C1=C([NH2+]C)c1ccccc1
517,24,180,3648,O=C(Cn1ccc(C(F)(F)F)n1)N1CC[NH+](C2CCCC2O)CC1
518,62,150,6891,Nc1ncc(c2ccccc2Cl)cc1C=O
519,39,771,1949,Cc1ccc(C)c(c2[nH]c3ccc(OC4CCCCC4)cc3c2CC(=O)[O-])c1
520,31,611,7911,COc1c(C)cnc(CC(C)(O)C[NH2+]CC(C)C)c1C
521,57,243,1914,CCOC(=O)c1c(NC(=O)COc2ccc(Cl)cc2)sc2c1CC[NH+](CC)C2
522,89,944,1292,COc1ccc(Br)cc1NC(=O)CCBr
523,84,99,4424,CN(C)c1ccc(C=Nn2c(=O)[nH]c3ccccc3c2=O)c(OCc2ccccc2C#N)c1
524,80,527,7769,O=NC=C1CCc2cc(c3nc(CN4CC[NH2+]CC4)[nH]c3c3ccncc3)ccc21
525,11,990,5975,COc1ccc(C(O)[NH+](C)C)c(C)c1C
526,32,127,5674,OC(Cc1ccc(C(F)(F)F)cc1)c1c(F)cccc1Br
527,47,377,5938,COc1c(NCCc2nc(C(=O)[O-])cs2)[nH]cnc1=O
528,3,882,6870,COc1ccc(NC(C)C(N)=O)cn1
529,67,897,9361,CCC(C(=O)NCCC1=CCCCC1)N(c1ccc(F)c(Cl)c1)S(C)(=O)=O
530,30,44,2498,Cn1c(N)c(c2nc3ccccc3c(=O)o2)c(=O)n(C)c1=O
531,8,602,1315,FC1CC[NH2+]C2(CCSC2)C1
532,56,792,6451,O=C(Cc1ccc(Br)cc1)Nc1ccc(F)c(NC(=O)C2CCCCC2)c1
533,98,442,9540,C=CCC(O)(CCl)CCCCl
534,83,957,778,COc1cc(N2C(=O)C(Nc3cccc(C(C)=O)c3)=C(Sc3ccccc3)C2=O)cc(OC)c1OC
535,84,161,6016,O=C(NC1C2CC3CC1CC(O)(C3)C2)c1cnn(C2CC2)c1n1cccn1
536,80,921,3365,Cc1nc2c(c(NCc3ccccn3)n1)CCC2
537,79,659,5160,Cc1sc(c2noc(C3CCC3)n2)cc1S(=O)(=O)N1CCCC(C(=O)NC2CCCC2)C1
538,77,541,3023,CC=C(C)C=NNC(=O)CCCCCCC(=O)Nc1ccccc1O
539,89,807,4518,CCC(Sc1cccc(NC(=O)c2ccccc2C)c1)C(=O)Nc1cc(OC)cc(OC)c1
540,50,161,7019,Cc1onc(c2ccccc2)c1C(=O)NN(C(N)=O)C1CCCCC1
541,31,804,4315,CCOc1ccc(NC2CCOC(C)(CC)C2)c(C)c1
542,33,291,1810,O=C(Nc1ccc(C2OC(CSCCO)CC(c3ccc(CO)cc3)O2)cc1)c1cccnc1
543,48,827,5616,CN(c1nc(C2CC2)c(C[NH2+]C2CC2)s1)C1CCCCC1
544,91,131,3923,Cc1sc(C[NH2+]C2C(NC(=O)OC(C)(C)C)C3CCOC32)cc1Br
545,53,912,2849,CN(Cc1ccccn1)c1ccc(CCl)c(Cl)c1
546,39,771,6437,COC(=O)Cc1ccc(OCc2ccc3ccccc3n2)c(Br)c1
547,66,661,5549,CC(C)(C)c1ccccc1OC(=O)COc1ccccc1Br
548,65,626,9819,CCS(=O)(=O)C1=NN2C(=[NH2+])C(=Cc3ccc(OCCCOc4cccc(C)c4)c(OC)c3)C(=O)[NH+]=C2S1
549,11,266,3595,C[NH2+]C(c1cccc(OC)c1)c1cc2cccc(Cl)c2o1
550,62,460,4936,Nc1ccc(SCc2cncc(F)c2)c(F)c1
551,28,480,2149,CC(=NNC(=O)Cc1ccc(C)cc1)c1ccc(C)c(C)c1
552,13,334,3528,CCOc1cc(c2ccccc2)sc1C(=O)N1CCN(c2ncccc2C#N)CC1
553,23,964,9853,CNC(=O)CN1CCN(c2cccc(Cl)c2)C1=O
554,15,536,9165,CCn1cc(C(=O)Nc2cccc(Cl)c2Cl)c(=O)c2cc(C)ccc21
555,48,864,4836,C[NH2+]C(C)Cc1csc(CCc2ccccc2)n1
556,41,49,8421,CCc1c(C)nc2n(c1=O)C[NH+](C1CCCC1)CN2c1cccc(C)c1C
557,64,86,2273,Cc1cc(NC(=O)C(C)NC(=O)C2CC[NH+](C(C)C(=O)Nc3cccc(C(=O)Nc4cc(F)ccc4F)c3C)CC2)ccc1NC(=O)c1cccc(Cl)c1
558,41,427,145,CCCn1ccnc1c1cccc(NC(=O)C2CCCOC2)c1
559,3,200,5278,COc1ccc(CC(=O)NCc2cccnc2c2ccccc2)cc1
560,50,167,6950,Cc1ccccc1c1noc(C(C)C(C)C(=O)[O-])n1
561,77,480,8841,O=C(c1ccccc1)N(NC1CCCCC1O)C(=O)c1ccccc1
562,27,221,1960,CCCc1csc(Cc2cccc(F)c2)n1
563,12,204,4366,CC(C)CN(CCC(=O)N1CC[NH+](Cc2ccccc2)CC1)C(=O)c1cnccn1
564,5,439,8072,C#CC(C)(C)OCCP(C)(=O)OC
565,8,214,404,CC[NH2+]C(Cc1cccnc1)c1ccc(Cl)c(Cl)c1
566,70,434,5053,C=Cc1ccc(COc2ccc3c(=O)c(Oc4ccc(C(=O)OCCC)cc4)coc3c2)cc1
567,70,688,4365,O=C([O-])C1Cc2cc(Cl)cc(I)c2O1
568,68,921,4917,[NH3+]CCc1ccnc(C2CC2)n1
569,48,629,4890,CCCCC(C)(C)c1[nH+]c(C(C)C(C)C)[nH]c1C(C)C(C)C
570,57,765,7197,COc1cc(NC(=O)CCNC(=O)C2CC[NH+](CC(=O)Nc3ccc(Cl)c(C(=O)N4CCOCC4)c3)CC2)ccc1NC(C)=O
571,86,671,5362,CC(C)(O)C#Cc1ccc(C=NNc2c(Cl)cc(Cl)cc2Cl)cc1
572,39,685,8720,CCOC(c1ccccc1)c1ccccn1
573,99,9,4071,CCc1cc(C)ccc1C(=O)NCC(C)C
574,84,977,5897,CCCC(NC(=O)c1cc(C)n(c2ccc(OC)cc2)n1)C(=O)[O-]
575,71,156,5603,COC(=O)C(C)NC(=O)C(CCSC)NC(=O)OCc1ccccc1
576,35,915,4051,CN(CCC(F)(F)F)c1c(F)cccc1CC[NH3+]
577,80,338,6376,Cc1ncc(C[NH+](C)C)c(C2CCC[NH+]2Cc2ccsc2)n1
578,16,501,8208,CC(NC(=O)c1ccc(Cl)c(S(=O)(=O)NCc2ccccc2)c1)c1cccs1
579,74,974,2960,Cc1ccccc1C(=O)c1cnc(Nc2ccc(CNS(=O)(=O)c3ccc(C(F)(F)F)cc3Cl)cc2)s1
580,6,286,6461,CC1C[NH+](CC2(C)CCC[NH2+]C2)CCO1
581,13,570,5281,Cn1cnnc1SCCNC(=O)C1CSc2nc(C(C)(C)C)cc(=O)n2C1
582,63,801,5866,CCOC(=O)C1CCC(CF)(CF)CC1
583,84,696,472,COc1c(C)cccc1C(=O)Nc1ccccc1c1nc(c2ccncc2)no1
584,1,530,9545,Cc1ccc(C)c(C(=O)CCC(=O)NC2(C(=O)[O-])CCC2)c1
585,97,49,5073,Cc1nc(=O)[nH]c(C)c1CCC(=O)NCC1CC[NH+](C2CC2)CC1
586,35,719,9924,OB(O)N1CC[NH2+]CC1Cl
587,22,829,8369,CCN(CCc1ccncc1)C(=S)NCCN1C(=O)CSC1=O
588,30,872,4984,COc1cccc2cc(c3cn(c4ccccc4C)c(=S)[nH]3)c(=O)oc12
589,0,988,5453,CCc1nc(C)nc(N2CCN(C(=O)c3ccc([N+](=O)[O-])cc3)CC2)c1Cc1ccc(Cl)cc1
590,52,427,145,COC(=O)Cn1ccc(CC(C)C)c1C1(Nc2ccc(N3CCN(c4cc(C)cc(C)n4)CC3)cc2)CCCCO1
591,80,32,9115,Nc1cccc(n2c(C3CCC[NH2+]3)nc3ccccc32)c1
592,3,468,4927,COc1nc(NC(C)CC(C)O)nc(OC)n1
593,31,936,6735,CCC(C)c1ccc(OCC[NH2+]C)cc1
594,49,900,7593,C=CC1C[N+](Cc2ccccc2)(C(C)CC)CCC1C
595,10,177,1941,CC(C)c1ccc(S(=O)(=O)N2CCC(C(=O)OCc3ncc(c4ccccc4)o3)CC2)cc1
596,39,519,9038,CC(=O)OCc1cnccn1
597,55,4,8688,Cc1nn(C)cc1C(=O)Nc1cccnc1
598,62,150,2207,Cc1[nH]c(c2ccc(Cl)c(N)c2)c[nH+]1
599,29,931,5700,Clc1ccccc1c1nc(SCc2ccccn2)n[nH]1
600,29,129,4046,CC(=NNC(N)=S)c1ccc(n2cccc2)cc1
601,56,303,7878,O=C(NC1CCCC1)c1ccc(CNC(=O)C23CC4CC(CC(C4)C2)C3)cc1
602,32,809,2712,O=C(c1ccc(CBr)cc1)C1CC1
603,11,720,4092,CC(C)(C)C(=O)C(C#N)=CNc1ccc(Oc2ccccc2)cc1
604,84,231,1163,COC(=O)c1ccccc1NC(=O)Cn1nc(c2ccccc2)c(c2ccccc2)c(C(=O)OC)c1=O
605,63,89,9735,CCCC(=O)c1ccc(SCc2ccc(C(=O)[O-])cc2)cc1
606,51,902,4464,Cc1c(O)cccc1C1[NH2+]CCc2ccc(N)cc21
607,84,4,9306,Cn1cc(c2ccc(=O)n(c3ccccc3)c2)cn1
608,52,50,5607,CC1C[NH+](CCN2CCN(C(=O)OC(C)(C)C)C(Cc3ccc(C(F)(F)F)cc3)C2)CC(C)O1
609,50,832,6950,O=C([O-])Cc1nnc2c(c3nc(C4CC4)no3)cccn12
610,23,255,5080,O=C(Nc1ccc(F)cc1Br)C1CCC[NH2+]C1
611,25,174,8020,C1=NCc2c3c(cn21)OCO3
612,96,469,4396,Cc1nccn1CCC(C)[NH2+]CCc1noc(CO)n1
613,17,660,3441,CC(=O)N1CCN(c2nnc(C3CC3)n2CC2CCOC2)CC12CCCCC2
614,97,525,8278,COc1cc(Nc2nc(NC3CCOCC3)c(C(C)C)nc2C(N)=O)ccc1N1CC[NH2+]CC1
615,75,442,7128,CC(C)=CCCC(C)C1CCC(C)=CCC=C(CO)C1CO
616,59,607,6508,COC(=O)c1cc([N+](=O)[O-])c(=O)n(Cc2ccc(Cl)nc2)c1
617,87,729,6847,CCC(=O)Nc1ccc(OCc2ccccc2N2CCCCC2)cc1C(=O)[O-]
618,25,437,8123,Cc1cccc(OCCCCn2c3ccccc3nc2c2ccc(Cl)cc2)c1
619,62,214,222,CC([NH3+])(c1cccnc1)c1ccc(Br)cc1Cl
620,74,701,7754,Nc1cccc2c1nc(C(=O)[O-])cc2c1ccc(C(F)(F)F)c(S(N)(=O)=O)c1c1nn[n-]n1
621,25,615,3014,Oc1ccc(c2nc3c(F)cccc3n2C2CC2)cc1Cl
622,29,517,7103,Cn1nncc1C([NH3+])c1coc(Br)c1
623,49,84,2244,Cc1cc(C)cc(C[NH+]2CCN(C(C)(C)C#N)CC2)c1
624,23,347,7555,C[NH+]=C(NCc1coc(c2ccccc2)n1)N1CCN(c2ccccc2F)CC1
625,15,280,9061,COc1cccc(C=CC(=O)NCc2ccc(Cn3cnc4ccccc43)cc2)c1OC(F)F
626,85,790,6750,C[NH+]=C(NCCCSc1ccc(F)cc1)NCCNC(=O)c1ccco1
627,10,327,5834,O=S(=O)(N1CCOCC1)N1SSSSSSS1
628,36,575,7380,CCC1(COCCCCCCOCC2(CC)COC3(CC(C)(CC)N([O-])C(C)(CC)C3C)OC2)COC2(CC(C)(CC)N([O-])C(C)(CC)C2C)OC1
629,66,8,4111,Clc1ccc(OOc2ccc(Cl)cc2Cl)c(Cl)c1
630,12,518,8199,C[NH+]1CCC(C)(C(=O)NCc2ncc(Cl)cn2)CC1
631,62,426,6209,CCNc1nc(CSc2cccc(Cl)c2)nc(C)c1Br
632,67,744,5586,CC(C)CNC(=O)C(C)N(CCc1ccccc1)C(=O)CN(c1ccc(Oc2ccccc2)cc1)S(=O)(=O)c1ccccc1
633,26,187,7459,CC(C)NS(=O)(=O)CCn1c(Cc2cc3c(cc2I)CCC3)nc2c(N)nc(F)nc21
634,15,429,8964,O=c1c(=Cc2ccc(c3ccc(F)cc3)o2)sc2nc3cccnc3n12
635,72,165,4841,CCC[NH2+]CCCCS(=O)(=O)N1CCC(C)(CC)CC1
636,91,43,5938,Cc1nc(NC(=O)Nc2cccc(OC(C)C3CCC[NH2+]3)n2)cs1
637,34,248,1791,O=[N+]([O-])c1ccc(C[n+]2cc(c3ccc(Cl)cc3)n3c2CCC3)cc1
638,52,975,5607,CC(C)(C)OC(=O)N1CCC2(CC1)C[NH2+]C1(CCC1)CO2
639,19,859,5681,CC(C(Cc1cc(C(=O)Nc2ccccc2)ccn1)c1ccc2c(c1)OCO2)N(CC=Cc1ccccc1)C(=O)C(O)=C(CC(=O)[O-])C(=O)OC(C)(C)C
640,20,385,4202,NC(=[NH+]O)c1cccc(Oc2ccccc2)c1C(N)=[NH+]O
641,70,796,8821,O=C(Cl)c1ccc2c(c1)OCOC2
642,4,329,5783,CCOC1(O)OCCC1OC
643,50,869,9455,Cc1cc(C(=O)N(C)C(C)c2ccc(Cl)cc2Cl)no1
644,43,748,7732,Cc1c(C#N)oc2nc(N)ncc12
645,7,57,1174,O=c1[nH]c(=O)n(C2CC(O)C(CO)O2)cc1c1cnnn1c1c(F)cccc1F
646,48,3,8046,Cc1sc(NC2CC2)nc1c1ccc(F)cc1
647,63,991,5940,COC(=O)C(C(=O)OC)C1CCCCC1Br
648,10,430,1725,O=S(=O)(c1cccc(F)c1)N(CCc1cccs1)Cc1ccoc1
649,0,988,9922,O=C([O-])c1cnc(N2CC3CCCC3C2)c([N+](=O)[O-])c1
650,36,754,8785,CC1OCCC1C(Br)c1ccc2c(c1)CC(=O)N2C
651,67,744,9249,CCC(C(=O)NC1CCCCC1)N(Cc1ccc(OC)cc1)C(=O)CCCN(c1cccc(C(F)(F)F)c1)S(C)(=O)=O
652,18,271,2527,CCC(C)(CNC(=O)C1=NN(C)C(=O)CC1)[NH+]1CCOCC1
653,22,871,9965,Cc1nc(C[NH+]2CCN(C(=O)CSc3ccc(Cl)cc3)CC2)cs1
654,41,103,1607,Cc1cnc(N2CCC(C)(C(N)=O)C2)c(N)c1
655,44,265,2356,CC1(C)c2ccccc2-c2ccc(c3ccc(c4cccc5c6ccccc6n(c6cccc(c7ccc8c9ccccc9c9ccccc9c8c7)c6)c45)cc3)cc21
656,67,488,6136,CSCCC(NC(=O)c1ccc(S(=O)(=O)N(C)C)cc1)C(=O)[O-]
657,75,256,3240,CC=CCC(C)CCCCCC
658,13,497,3587,CON=C(C(=O)NC1C(=O)N2C(C(=O)[O-])=C(C[N+]34CCC(CC3)C(Cl)C4)CSC12)c1csc(N)n1
659,44,183,7425,Nc1ncn2c(N)csc12
660,37,331,2157,CCOC(=O)CCC(=O)N(CCCOC)CCOC
661,0,586,9565,CC1CN(c2ccc([N+](=O)[O-])c3nonc23)CC(CO)O1
662,18,932,7630,CN1C=CN(CC2CCC[NH+]2CC(=O)NCCC(=O)NCCC(=O)NCCCC(=O)[O-])CC1
663,96,474,5364,Cn1cc(C2OCCCC2NC(=O)CCNC(=O)C2CCCCC2)cn1
664,77,878,6402,CCCCOc1ccc(NCC(=O)Nc2cccc(C(=O)NC)c2)cc1
665,88,582,355,CSc1cc(c2ccc(c3cc(OCC(C)C)cc(Br)n3)s2)nc(c2ccc(c3cc(SC)cc(c4ccc(c5cc(SC)cc(c6ccc(c7cc(OCC(C)C)cc(Br)n7)s6)n5)s4)n3)s2)c1
666,57,243,8210,COCc1c(C(=O)NC2CCN(c3cc(Cl)ccc3OC)C2)sc2cccc(F)c12
667,61,753,9460,O=C(c1ccccc1I)N(Cc1ccoc1)Cc1cccs1
668,75,256,9130,CCCCC1CC12CC2CBr
669,13,145,212,CN(CCOc1cccc(Cl)c1)C(=O)Cc1csc(c2ccccn2)n1
670,55,663,136,CC([NH3+])C(=O)NCc1nncn1C
671,87,181,103,COC(=O)c1ccc(N2C(=O)CC(N(Cc3ccccc3)C(=O)C34CC5CC(CC(C5)C3)C4)C2=O)cc1
672,90,178,7094,CC(C)(C)CCNc1ccc(NS(C)(=O)=O)cc1
673,43,697,6052,CCc1ccc(NC(=O)c2cnc(NCc3cccc(C)c3)cn2)cc1
674,14,284,7655,CCOC(=O)c1cnn(C)c1C[NH2+]CCC(C)(C)C
675,2,235,7024,Cn1ncc(NCC2CCC3(CCCCC3)O2)c(Br)c1=O
676,82,274,7039,CC(=O)NC(C)c1cc2cc(OCc3ccc(OCCC4CC4)cc3)ccc2o1
677,22,103,1392,CCCCCNC(=O)C1CCCN(c2nccnc2Sc2ccc(C)cc2)C1
678,35,223,7023,CCCCCCCCCCn1c2cc(F)c(N)cc2c2cc(I)c(F)cc21
679,47,949,9866,COc1ccc(NC(=O)Nc2nc3cc(C)c(C)cc3s2)cc1
680,57,765,2287,COc1cc(NC(=O)C2CC[NH+](CC(=O)Nc3cccc(C(=O)Nc4cc(F)ccc4F)c3C)CC2)ccc1NC(=O)c1ccccc1F
681,6,927,3640,CCC[NH2+]C(COC)CN1CCC2CCCCC2C1
682,2,731,8133,CC(=O)OCC(C)n1c(=O)c(c2ccnn2c2ccc(C#N)cc2)c(C)n(c2cccc(C(F)(F)F)c2)c1=O
683,31,967,7621,COc1cc(N)cc(C[NH+](C)CC(C)(C)O)c1
684,40,113,8293,Cc1cc(C)c(OCCC(C)C)c(S(=O)(=O)Cl)c1
685,8,295,7790,[NH3+]C1CC=C(Cc2cccc(Cl)c2)CC1
686,69,906,1586,CCc1cnc(CNS(=O)(=O)c2ccc(C)cc2N)o1
687,74,258,7926,O=C(Nc1cccc(S(=O)(=O)NC2CC2)c1)c1cc(c2ccco2)nn1c1ccccc1
688,41,103,4323,CCN(CCC#N)c1ncc[nH]c1=O
689,56,238,6066,Cc1ccc(SCCC(=O)Nc2ccc(C(N)=O)cc2)cc1
690,16,501,6837,Cc1cc(N)c(C)c(S(=O)(=O)NCCSC(F)(F)F)c1C
691,4,67,1521,CCCC(=O)OC1(C(=O)COC(C)=O)CCC2C3=C(C(O)CC21C)C1(C)C=CC(=O)C=C1CC3
692,42,153,8557,COc1ccc(S(=O)(=O)c2cc(F)ccc2NCC(=O)Nc2ccc(Br)cc2)cc1OC
693,41,970,7018,O=C(Nc1ccccc1)N1CC[NH+](CCCc2ccccc2)CC1
694,59,699,9596,O=c1c2[nH]c3ccccc3c2nc(SCc2ccc([N+](=O)[O-])cc2)n1c1ccccc1F
695,69,452,4390,COC1(CNS(=O)(=O)c2ccnc(NN)c2)CCC1
696,8,602,529,N#CC(NCC1CC1)c1ccccc1F
697,67,651,6532,CC(C)CNC(=O)C(Cc1ccccc1)N(Cc1ccc(Cl)cc1Cl)C(=O)CN(c1ccc(Cl)cc1)S(C)(=O)=O
698,78,486,8691,CC[NH2+]CC(C)(O)c1ccc(C)cc1C
699,90,418,1107,C[NH+](C)CCCNC1CS(=O)(=O)CC1S(=O)(=O)c1ccc(F)cc1
700,80,876,4515,CCC1CCCCN1c1cc(NC2CCCC2)ncn1
701,66,8,5305,Fc1ccc(C(F)F)cc1OC(F)F
702,1,307,8284,COC(=O)C(N=O)c1cccc2ccccc12
703,88,582,355,CC(Oc1ccc(F)c(Br)c1)c1nc(CCl)cs1
704,21,533,7013,Cc1c(I)cc([N+](=O)[O-])cc1C(=O)Nc1cc(F)ccc1O
705,33,592,5666,CC(C)C[NH+]1CCOC(CNC(=O)N2CCCC3C(=O)NCC32)C1
706,43,671,5828,[N-]=[N+]=NC(=O)c1cnc(C=S)c(Cl)c1
707,13,325,1327,COC(=O)CCc1cnc(N2CCCC2COCC(=O)Cc2cc(Cl)c(NC(=O)c3cn(C)c4ccccc34)cc2F)s1
708,95,757,25,COCCn1c(N)[nH+]cc1c1ccc(Br)cc1
709,11,399,4036,COc1cc(CC(C)(C)[NH3+])cc(C#N)c1OC
710,74,642,8468,CS(=O)(=O)c1ccc(n2nnnc2CSc2ccccn2)cc1
711,45,329,3427,CCOC(=O)C(Cc1cccc(OCC2CO2)c1)OC(C)C
712,22,840,2277,O=C(CCSCc1nc2sc3c(c2c(=O)[nH]1)CCC3)N1CCCC(c2nc3ccccc3[nH]2)C1
713,13,243,5293,CCCC1N(C(=O)c2cnccc2C(F)(F)F)CCCC1(Oc1csc(C(F)(F)F)c1)C(=O)N1CCN(c2ccccc2OCC(=O)[O-])CC1
714,80,458,8401,BrC1CCCC(C2CN3CCCCC3[NH2+]2)C1
715,57,784,4273,CC1CCN(c2ccccc2F)C(CCO)C(=O)N1
716,13,984,1268,CCCCOc1c(C(N)=S)nc2c(N3CCN(C)C3=O)cc(N3CCOCC3)cn2c1=O
717,59,607,6508,O=c1[nH]c(C=Cc2cn(Cc3c(F)cccc3Cl)c3ccccc23)nc([O-])c1[N+](=O)[O-]
718,78,611,2376,C#CCOc1ccc(C(C)[NH2+]CC2(O)CCSC2)cc1
719,77,815,3227,COc1ccc(N)cc1NC(=O)CCOC(C)CC(C)C
720,41,49,8421,CN1CC[NH+](Cc2ccc3c(c2)c(=O)n(C2CCC([NH3+])CC2)c2nc(NCC4CC4)ncc32)CC1
721,33,606,1912,COCC[NH2+]CC(=O)N1Cc2[nH]cnc2CC1C(=O)[O-]
722,79,680,4230,Cc1ccc(CN2CCN(Cc3ccncc3)C3CS(=O)(=O)CC32)o1
723,14,504,653,CC(C#N)Sc1nnnn1CC[NH3+]
724,80,527,184,O=Cc1ccc(n2ncc3c2CC[NH2+]C3)cc1
725,46,692,7582,COc1ccc(C=C2SC(=S)N(c3cc(C(=O)[O-])ccc3C)C2=O)c(OC)c1
726,96,188,9656,C=CCn1nc(C(=O)N2CCCCC2)c2c1CCC([NH+]1CCCCCC1)C2
727,32,247,7908,CC(C)c1ccc(C(C)C)c(c2ccc(C(C)C)c(C(C)C)c2)c1
728,46,834,5667,CCc1cccc2c(C=C3SC(=O)N(Cc4ccc(F)cc4)C3=O)cn(Cc3ccc(Cl)cc3Cl)c12
729,57,597,9928,Cc1ccc(NC(=O)N2CCN(c3cc4c(cc3F)c(=O)c(C(=O)[O-])cn4C3CC3)CC2)cc1
730,25,285,5841,Cc1ccc2c(C[NH+](C)C)coc2c1
731,25,236,5313,CCOC(=O)c1cccc(C(=O)c2c(CC)c(Br)c3n2CCC3(C(=O)[O-])C(=O)[O-])c1
732,13,782,6300,O=C(Cc1cccc(OC(F)(F)F)c1)Nc1ccc(N2CCC(c3nnc(NC(=O)Cc4ccccc4F)s3)C2)nn1
733,58,852,2887,CCn1cc(NCc2ccc(OC)cc2)cn1
734,82,683,5163,O=C(COC(=O)c1cc(=O)[nH]c2ccccc12)Nc1c(Cl)cccc1C(F)(F)F
735,26,776,5657,O=S(=O)(c1cccs1)N1CC[NH+](C(c2ccccc2)c2ccc(Br)cc2)CC1
736,71,26,7965,CC([NH3+])C(=O)NCC(=O)NC(CC(N)=O)C(=O)NC(CCC(=O)[O-])C(=O)[O-]
737,17,298,4654,Cc1ccccc1c1noc(CC2CCCN(C(=O)c3cc(=O)[nH]c4ccccc34)C2)n1
738,77,15,1050,CCOc1ccc(OCCC(=O)OCC(=O)c2ccc(NC(=O)C(C)C)cc2)cc1
739,3,882,5676,CCOc1ccc(Nc2cnc(C(=O)Nc3ccc(C)cc3)cn2)cc1
740,91,415,9395,CCCc1nc(N)c(C)c(NCc2csc(=O)[nH]2)n1
741,97,100,7698,CCCc1c(C(=O)Nc2c(CC)cccc2CC)c(OCC(C)C)c(C)c(C)[n+]1[O-]
742,96,93,6280,CCn1cc(CNC(=O)CCn2ncc3ccccc32)c(C)n1
743,50,737,8560,CCC(=O)Cc1nc(C2CCC(C(C)C)CC2)no1
744,42,675,437,COc1cc(NS(=O)(=O)c2ccc(Br)c(C)c2)c(OC)cc1Cl
745,0,575,806,CCC1=[N+]2CC3C([N+]([O-])=NC4=CC5C[N+]6=CC5C(C4)O6)=CCC(O2)C13
746,2,41,3329,Cc1cc(C)n2nc(CC3C(=O)CC(CCc4ccc(C(C)(C)C#N)c(F)c4)(C4CCCC4)OC3=O)nc2n1
747,64,94,5170,Cc1ccc(NC(=O)c2ccc(C)c(NC(=O)CCNC(=O)C3CC[NH+](C(C)C(=O)Nc4ccc(Cl)c(C(=O)NCC(C)C)c4)CC3)c2)cc1F
748,5,896,7758,CCOOP(=O)(OOCC)c1ccccc1
749,42,337,3215,CCCNS(=O)(=O)c1cc(C(=O)Nc2cc(C(F)(F)F)ccc2Cl)ccc1OC
750,30,754,1956,CCN1C(=O)c2ccccc2C(C)C1C
751,44,265,8597,CC1(C)c2ccccc2Sc2c1ccc1c2-c2ccc(N(c3ccc(c4ccccc4)cc3)c3ccc4c(c3)C(C)(C)c3ccc5c(c3-4)Sc3ccccc3S5)cc2C1(C)C
752,35,79,1413,CC1CCN(c2ccc(C(C)[NH3+])c(Cl)c2)C(C)C1
753,55,184,6880,O=C(NC(c1ccccc1)C1CC1)c1ccc(n2ccnc2)nc1
754,47,949,1693,CC(C)(Oc1ccccc1)C(=O)Nc1nccs1
755,93,979,5949,COc1ccc(C(=O)N(C)CCCNc2ccccc2)cc1
756,48,379,7668,CC(C)Oc1ccc2nc(NCC[NH3+])sc2c1
757,92,112,6946,NC(=S)c1cc2ccccc2nc1Oc1ccc(Br)cc1
758,60,126,3748,c1ccc2cc(c3c4ccccc4c(c4ccc5ccccc5c4)c4cc(c5ccc6oc7ccccc7c6n5)ccc43)ccc2c1
759,77,944,2503,COc1cc(C(CC2=CCCC2)NC(=O)C(F)(F)F)cc(OC)c1OC
760,55,780,3711,O=C([O-])Cn1cc(C(=O)Nc2ccc(F)c(Br)c2)nn1
761,62,144,9934,OCc1c(Cc2ccc(F)cc2)[nH]nc1c1ccncc1
762,27,678,884,FC(F)(F)c1cccc(OCc2sccc2Br)c1
763,57,264,4021,C[NH+]1CCCC1CCOc1nc(Cl)ncc1N
764,76,516,9684,COc1cc(Cl)ccc1C(=O)Nc1ccc(Sc2nncn2C)c(Cl)c1
765,15,957,3948,Cc1cc(C=C2NC(=O)N(c3ccccc3)C2=O)c(C)n1c1ccc(Cl)cc1Cl
766,58,529,9879,C=Cc1ccc(O)cc1OCc1cccnc1c1ccnn1C(C)C
767,54,772,1670,CCOc1ccccc1N1CC(C)[NH2+]CCC1C
768,18,775,525,CC1(C)CC(=O)N(C2(C(N)=S)CCCCCCC2)C(=O)C1
769,22,552,7941,CCC1CN(C(=O)c2c(C)nsc2NC2CC2)CC1O
770,87,390,5625,CNC(=O)c1cn2c(c(OCc3ccccc3)c1=O)C(=O)N(Cc1cccc(Cl)c1)CC2
771,65,613,9604,CNS(=O)(=O)c1cc(C(=O)N2CCC(C(=O)c3ccc(C)cc3)CC2)ccc1OC
772,63,801,2911,CCCCCCOC(=O)c1ccc(C(=O)[O-])cc1C(=O)OCCCCCC
773,45,171,4155,CCC(CC)(Pc1ccc(C)cc1CO)c1cc(OC)ccc1OCOC
774,22,917,4210,CCNC(=O)CN(CC)C(=O)CSc1ncnc2sc3c(c12)CCC3
775,7,57,1644,O=C(Nc1ccn(C2CC(O)C(COCc3ccccc3)O2)c(=O)n1)c1ccccc1
776,46,100,1705,CC1(C)SC(c2nc3cc(Cl)c([O-])c(Cl)c3s2)=NC1C(=O)NCC(=O)ON1C(=O)CCC1=O
777,64,86,3784,Cc1c(Cl)cccc1NC(=O)C(C)NC(=O)C1CC[NH+](C(C)C(=O)Nc2cc(C(=O)N3CCCC(C)C3)ccc2Cl)CC1
778,43,112,4742,COC(=O)c1ccc(NC(=O)c2cnc(Nc3ccccc3F)nc2)cc1
779,49,84,7485,CC(C)([NH3+])CC[NH+]1CCCC2CCCC21
780,14,761,6139,C[NH2+]CCCc1cn(c2cccc(F)c2)nn1
781,91,140,6792,CC(CNC(=O)C1CCCC([NH3+])C1)c1nccs1
782,40,567,9182,CCCOC(=O)OC1CCCS1(OS(=O)(=O)C(F)(F)F)c1cccc2ccccc12
783,13,23,2750,Cc1cccc2c1N1CC[NH+](Cn3c(=O)[nH]c4c(sc5ccncc54)c3=O)CC1CO2
784,12,890,8840,CC(C)C(Br)C(=O)NCC1CC[NH+](C(C)C)C1
785,80,527,692,Cn1cc(c2cccc(C3=[NH+]CC(c4cnn(CC[NH+]5CCCC5)c4)=CN3)c2)cn1
786,43,147,7186,Cc1cc(Br)cc(NC(=O)Cc2ccc3[nH]c(=O)c(C)cc3c2)c1
787,32,809,1647,CC(=O)C(=O)c1cccc(Cl)c1
788,60,107,9132,Cc1ccc2cc(c3ccc4c5c(cccc53)-c3c-4c(c4ccccc4)c4ccccc4c3c3ccccc3)ccc2n1
789,51,450,4570,CC1(C[NH3+])CCCOc2ccc(Cl)cc21
790,73,87,8346,CC(=O)C(Cc1ccccc1)NC(=O)CSc1nc(C)nc2ccccc12
791,60,722,7336,C=C(C=Cc1ccc2ccc(c3cccc(CO)n3)nc2c1N)c1cccc(CO)n1
792,25,495,1675,CCn1cc(CC(C)=O)c2cccc(OC)c21
793,14,366,3071,CCC[NH2+]CCC(C)n1nc(C)c(Cl)c1C
794,23,781,6875,Cc1cccc(C(=O)N2C3CCC2C(Nc2ccc(C(F)(F)F)cn2)C3)c1c1ncccn1
795,65,806,442,COc1cccc2c1C(Nc1ccc3cc(NS(=O)(=O)N4CC5CC4CO5)ccc3n1)CC2
796,18,219,9273,CC(C)CC(NC(=O)C(C)NC(=O)C(Cc1ccc(O)cc1)NC(=O)C(CO)NC(=O)C(C)NC(=O)C(CC(C)C)NC(=O)C1CCC(=O)N1)C(=O)NC(CCC[NH+]=C(N)N)C(=O)N1CCCC1C(=O)NCC(N)=O
797,81,216,6903,O=C(NCCCl)Nc1ccnc(Cl)c1
798,10,698,9694,N#Cc1ccccc1S(=O)(=O)N(Cc1ccco1)Cc1cccs1
799,89,842,6683,CCC(C)Oc1cccc(C(=O)NC(=S)Nc2cccc(C(=O)NC(C)c3ccccc3)c2)c1
800,1,400,3637,CC(C)(C)OC(=O)[N-]C(=O)OCc1ccc(C(N)=[NH+]OCc2ccc(F)cc2)cc1
801,26,333,1345,O=C(CN(c1ccc(F)c(Cl)c1)S(=O)(=O)c1ccccc1)N1CCc2ccccc21
802,28,216,3999,N#Cc1ccc(NC(=O)NCC([NH3+])Cc2cc(F)c(F)cc2F)cc1
803,16,951,5887,N#Cc1cc(Br)ccc1NS(=O)(=O)c1ccc(CBr)cc1
804,55,982,2110,CCCC(=O)Nc1cncc(c2ccc3[nH]nc(c4cc5c(cncc5c5ccc(F)cc5)[nH]4)c3n2)c1
805,58,852,2887,COc1c(N)ncnc1N(C)Cc1cnn(C)c1
806,17,660,3441,O=C(Nc1ccnn1CC1CCOC1)c1cccnc1
807,31,164,5243,CC[NH2+]Cc1cccc(Br)c1OC1CCC(C)CC1
808,68,670,3779,CC1CC(F)(F)CNC1CNc1ncc(C(F)(F)F)cc1F
809,59,607,4307,O=c1c2ccccc2nc(c2cc3cc(Br)ccc3o2)n1N=Cc1cc(Br)c(OCc2ccc(Cl)cc2)c([N+](=O)[O-])c1
810,49,249,3087,CC[NH2+]Cc1cccn1CCCSC
811,41,133,9026,Cc1ccn2cc(CNC(=O)C(c3ccccc3)c3ccccc3)[nH+]c2c1
812,69,166,3545,CCCc1ccc(S(=O)(=O)NCC(c2cccn2C)[NH+](C)C)cc1
813,54,310,8725,CC[NH+]1CCCC(O)(c2occc2Br)CC1
814,61,717,5625,Nc1cccc(OCCCn2ccc3cc(Cl)ccc3c2=O)c1
815,30,952,3172,COC(=O)C(=[NH2+])N1C=CN=CC1OC
816,57,765,7835,COc1ccc(C=NNC(=O)c2cc(Br)ccc2NC(=O)c2ccc(C[NH+]3CCC(CO)CC3)cc2)cc1
817,14,401,5877,CCCn1ncnc1CC(=O)CC1CCC[NH2+]C1
818,13,341,942,COc1ccc(C)c2sc(N(CC[NH+]3CCOCC3)C(=O)c3cnccn3)nc12
819,18,775,239,CC(C1CCCCC1)N1CCC(=O)NC2(CCCC2)C1=O
820,2,509,5482,COc1ccccc1C1C2=C(CCCC2=O)Nc2nc(c3ccc(Cl)cc3)nn21
821,9,478,2088,Cc1ccc2cc(CCNC(=O)C3CCC3)c(=O)[nH]c2c1C
822,44,29,3252,c1ccc(c2cccc(n3c4ccccc4c4cc(c5ccc6c(c5)c5ccccc5n6c5ccc6ccccc6c5c5nc6ccccc6s5)ccc43)c2)cc1
823,12,777,4562,Cc1cc(N)cc(NCCC(=O)N2CCCCC2)c1
824,6,5,6019,Cc1ccc2cc(C[NH+]3CCOCC3)c3c(c2c1)COC3
825,5,439,6046,CCCO[Si](C)(C)OCC
826,40,229,2463,CC(=O)OC(C=CS(=O)(=O)c1ccc(C)cc1)Cc1ccccc1
827,18,592,9150,CC1(C)CC(O)CCN(C(=O)NCc2ccccc2)C1
828,2,731,5963,CCN(C)C(=O)c1c(Nc2cc(c3ccc4c(c3)OCO4)[nH]n2)ncnc1Oc1ccc2[nH]c(C)cc2c1F
829,33,623,1659,O=C1C[NH+](C2CCOC(c3cccc(C[NH+]4CCN(CC(O)C[NH+]5CCc6ccccc6C5)C(=O)C4C4C[NH+](Cc5ccccn5)CC(=O)N4CC(O)C[NH+]4CCc5ccccc5C4)c3)C2)CCN1CC(O)C[NH+]1CCc2ccccc2C1
830,16,178,1730,CCC1(CNc2ccccc2S(=O)(=O)NC(C)C)CC1
831,73,429,4372,Cc1ccc(N2C(=O)C3Cc4c([nH]c5ccccc45)C(c4ccccc4)N3C2=S)c(C)c1
832,92,826,4840,[NH3+]Cc1[nH]c(=O)cc(C(F)F)c1C(=O)[O-]
833,0,778,4116,O=C(CSc1ccc([N+](=O)[O-])cc1)NCC1CC1
834,93,611,536,CCOC(=O)c1ccc(OCC(O)C[NH+](C)Cc2ccccc2Cl)cc1
835,7,708,9737,Nc1nc(=O)c2ncn(C3([NH3+])OC(COP(=O)([O-])OP(=O)([O-])[O-])C(O)C3O)c2[nH]1
836,2,261,6711,Cc1ccc2c(=O)c(c3nc(c4ccccc4C)no3)cn(CC(=O)NCc3ccc(F)cc3)c2n1
837,52,445,6866,CC(=O)Nc1ncc(CCc2ccc(NC(NC(=O)[O-])(N(C(=O)[O-])C(C)(C)C)C(C)(C)C)cc2)s1
838,68,855,1648,Cc1cc(C)nc(NC2CCOC2C)n1
839,97,891,3465,CCOCCCN1C(=O)C(c2ccc(C)cc2C)=C([NH+]2CCN(c3ccccc3)CC2)C1=O
840,97,49,9757,Cc1ccc(O)c2nc(C[NH+]3CCCCC3)cc(=O)n12
841,0,778,5587,NC(=O)NCCNc1c(Cl)cccc1[N+](=O)[O-]
842,41,204,2434,O=C(NCCC[NH+]1CCN(c2ccccc2)CC1)C1CCCN1C(=O)c1ccccc1
843,0,248,2093,[NH3+]CCCOC1CCN(c2ncc([N+](=O)[O-])s2)CC1
844,18,10,1397,Cc1nc(CN2C(=O)NC(=O)C23CCCC(C)C3)sc1C
845,94,444,5647,COC(C)(C)OC1CC(C)(C)C(C=CC(C)=O)=C(C)C1=O
846,85,475,9379,C[NH+]=C(NCc1cc(C(C)C)no1)NC1CCCN(c2ccc(C)cc2)C1
847,94,451,2118,CC(=O)Oc1ccc(C=O)c(c2ccc(c3c(C=O)ccc(OC(C)=O)c3OC(C)=O)cc2)c1OC(C)=O
848,95,64,7580,Cc1c(C)n(CCOC2CCCC2)c2ncnc(N)c12
849,96,124,2678,COC(=O)C1CC[NH+](Cc2nnc(c3cccs3)o2)C1
850,49,915,8351,CCC1CCCC(C[NH3+])(N(C)Cc2cccc(Br)c2)CC1
851,22,242,29,O=C1CN(C(=O)Cc2cccs2)c2ccccc2N1
852,41,777,6804,O=C1CCC(c2ccc(CCC[NH+]3CCN(c4ccccc4)CC3)cc2)N1
853,28,837,454,Cc1ccc(Cl)cc1NC=C(C#N)C(=O)Nc1ccc(N)cc1
854,25,236,9367,COCc1cc2ccccc2n1C(C)C
855,80,573,1807,Cc1nc2ccccc2nc1CN1CC[NH2+]CC1
856,4,299,8741,COC(=O)C1(OCc2ccccc2)OCC23CCCCC2CC(O[Si](C)(C)C(C)(C)C)=CC13
857,60,285,6806,Cc1ccc2oc(C([NH3+])c3cc4ccccc4o3)cc2c1
858,88,460,5969,CC(=O)CSc1nc(C(C)(C)C)cc(C)c1C#N
859,95,841,5433,c1cnc(N2CC[NH+](CCCC[NH2+]C3COc4ccccc4N3)CC2)nc1
860,16,662,7094,Cc1ccc(C=CS(=O)(=O)NC(C)(C)CC(C)(C)C)cc1
861,78,335,9845,CC[NH2+]C=CC(=S)OCC
862,12,910,4250,CC1CC(N2C(=O)CCCC2=O)CC[NH2+]1
863,49,39,7626,[NH3+]CC1CCC[NH+](CCS)C1
864,7,810,9418,CCOC(=O)c1c(N)c(c2ccccc2)n(COC(CO)CO)c1c1ccccc1
865,87,857,2548,COC(=O)COc1ccc(C(O)(C(=O)OC2CC3C4OC4C(C2)[N+]3(C)C)c2cccs2)cc1
866,7,457,6960,COc1cccc2c1NC(=O)CC2C(=O)Nc1ccnn1C1CC[NH+](C)CC1
867,24,780,6211,O=C(NN(Cc1ccc(c2ccccc2)cc1)CC(O)C(=O)[O-])c1cc(C(=O)[O-])n(Cc2c(F)cc(Cl)cc2F)n1
868,69,906,1801,CCCc1noc(Cc2ccc(S(C)(=O)=O)cc2)n1
869,1,80,3310,O=C(OCc1ccccc1)OC(=O)C1C[NH2+]C1
870,70,561,9158,CCOC(=O)c1cc(Cl)c(c2cc3ccccc3oc2=O)cc1OC
871,24,469,307,Cc1cc(C[NH+](C)C2CCC(=O)N(Cc3cccc(F)c3)CC2)on1
872,87,390,9898,CCCCOc1ccc(Br)cc1C(CC(=O)N1C(=O)OCC1c1ccccc1)c1ccccc1
873,64,446,9449,CNC(=O)c1ccc(C)c(NC(=O)C2CCCN2C(=O)C2CC[NH+](CC(=O)Nc3ccc(C(=O)N4CCOCC4)cc3C)CC2)c1
874,29,768,8377,Nc1ncccc1c1cncn1c1cccc(Cl)c1F
875,40,939,5465,N#CCC(c1ccccc1)S(=O)(=O)c1ccc(Br)cc1
876,14,284,8466,C[NH2+]C(Cn1cccn1)(C(=O)[O-])C1CC1
877,84,918,6527,CCc1ccc(OCc2csc(C(=O)Nc3nc(c4cn(C)nc4C)cs3)c2)cc1
878,90,488,4723,Cc1cccc(COC(=O)CCNS(=O)(=O)c2ccc(Br)cc2)c1
879,16,647,3349,Cc1c(N)cc(S(=O)(=O)N(CCCO)C2CCC2)cc1F
880,59,42,9661,COC(=O)c1c(NC(=S)Nc2cc(OCC(F)(F)C(F)F)cc([N+](=O)[O-])c2)sc2c1CCCC2
881,24,261,8379,Cn1nc2n(c1=O)CCC(NC(=O)c1cc(F)ccc1Cl)CC2
882,85,319,8252,CC[NH+]=C(NC(C)c1cccc(n2cccn2)c1)NC1C2CCOC2C12CCC2
883,0,812,3516,CC(C)c1cc(C2=CC(c3ccc([N+](=O)[O-])cc3)=NCC[NH2+]2)c(O)c(C(C)C)c1
884,12,371,9350,C[NH+]1CCCN(c2cc(N)ccc2C(N)=O)CC1
885,0,812,9724,CCCN(CC(=O)Nc1ccccc1C)C(=O)COc1ccc([N+](=O)[O-])cc1
886,10,742,3764,CC=CC=C1N(CCCCS(=O)(=O)[O-])c2ccc(S(=O)(=O)[O-])cc2C1(C)C
887,63,378,1636,C#CCCOC(=O)C(C)(C)O
888,32,250,7537,CC(=O)C(C)=c1ssc(=C(C)C(C)=O)ss1
889,46,293,7536,COc1cc(CN(C)C(=O)c2csc(c3cccc(Cl)c3)n2)ccc1OC(F)F
890,8,450,727,Cc1ccc(F)cc1C([NH3+])C1CCOCC1C
891,62,426,1468,Fc1cccc(F)c1Nc1cc(c2ccccc2)nc(NCc2ccccn2)n1
892,32,539,3399,C=CCCc1ccc(C2CCC(c3ccc(C#Cc4ccc(Br)cc4)cc3)CC2)cc1
893,4,279,1605,CC1(C(=O)Nc2ccccc2C(=O)[O-])CCC2(C)CCC3(C)C(=C2C1)C=CC1C2(C)CCC(O)CC2CCC13C
894,84,696,2174,COc1cc(c2cc(N)on2)c(O)c(C)c1C
895,63,146,9451,CCCCC(C)C(CC)OC(C)=O
896,91,152,1045,Cc1csc(NC(=O)N(C)CC(C)C(=O)[O-])n1
897,61,25,4456,O=C1C2c3ccccc3CCN2C(=O)CN1CCc1ccccc1
898,90,514,1169,COCC(NS(=O)(=O)CC1CCC1)C1CC1
899,75,30,5802,CCCCCCCCCCc1ccc(C2CCC(CC)CC2)cc1
900,96,594,5309,CSCC(=O)NCc1ccc(Cn2cccn2)cc1
901,85,898,5993,CCOC(=O)CCCCCCNC(NCC(c1ccco1)[NH+]1CCCCC1)=[NH+]C
902,57,243,1320,CCCOc1ccc(C(F)(F)F)cc1NC(=O)C[NH+]1CCc2sccc2C1
903,41,835,9652,CCN(C(=O)c1ccccc1)C1CC[NH+](CCNC(=O)Nc2cc(C)nc(C)c2)CC1
904,64,903,8650,CC(C(=O)Nc1ccc(Cl)c(C(=O)N2CCCCC2)c1)[NH+]1CCC(C(=O)N2CCCC2C(=O)Nc2ccc(F)c(NC(=O)C3CCCCC3)c2)CC1
905,98,793,4207,OC(CCC1CCCO1)c1cccnc1
906,5,324,4760,CCOP(O)(OCC)=C1C=CC(=C[N+]#N)C=C1
907,23,267,6089,C[NH+](C)C1(c2cccc(F)c2)CCC2(CC1)CN(c1cnc(C(F)(F)F)nc1N1CCC1)C(=O)N2
908,77,304,105,COc1ccc(C2(CNC(=O)c3ccc4c(c3)CCC4)CC2)cc1F
909,75,818,9696,C=CC(C#C[Si](C(C)C)(C(C)C)C(C)C)C=C[Si](CC)(CC)CC
910,30,44,2192,Cc1cccc(N2C(=O)c3ccncc3C2=O)c1C(=O)[O-]
911,12,273,6845,C[NH+](C)CCCNC(=O)c1cccc(C(=O)NC2CCCC2)c1
912,11,304,752,CC(Br)C(=O)NCc1ccc(OC(F)F)cc1
913,65,756,2985,N=c1ccc2c(c3ccc(C(=O)N4CCC(C(=O)Oc5c(Cl)cc(S(=O)(=O)[O-])cc5Cl)CC4)cc3C(=O)[O-])c3ccc(N)c(S(=O)(=O)[O-])c3oc-2c1S(=O)(=O)[O-]
914,4,67,1521,CC1CC2(C(=O)[O-])CCC(C)C(C)(O)C2C2=CCC3C(C)(CCC4C(C)(CO)C(O)CCC43C)C21
915,65,901,5336,CS(=O)(=O)N1CCC(C(=O)OCC(=O)N2CCNC2=O)CC1
916,81,396,4769,C=C(Cl)CNC(=O)NC1CCCC1(C)C(=O)[O-]
917,15,368,4788,Nc1nccc(n2c(OCCF)nc3ccc(Br)cc32)n1
918,62,150,2531,CC(Nc1c(Cl)cc(F)cc1Cl)c1ccccn1
919,28,837,6481,CC(=O)Nc1ccc(F)c(NC(=O)C2C(C=C(C)C)C2(C)C)c1
920,15,617,8785,CN1C(=O)CC(CF)C1c1ccccc1N
921,43,817,1599,O=C(Nc1cccc(Br)c1)c1cnc(NCc2ccccn2)cn1
922,71,741,8751,[NH3+]C(CCC(=O)OCC(O)CO)C(=O)OCC(O)CO
923,43,867,7144,Cc1cccc(Nc2ncc(C(=O)Nc3cc(Cl)ccc3C)cn2)c1
924,2,743,1513,Cc1cc(C)c(C2C(=O)CC(CCNC(=O)c3c(Cl)c(C)nn3C)C2=O)c(C)c1
925,9,826,1144,NC(=O)c1c(C(=O)[O-])[nH]c2ccccc12
926,40,113,3249,CCCOc1ccc(Oc2ccc(S(=O)(=O)c3cc(CC(=O)[O-])cc(OCC4CC4)c3)cc2)cc1
927,95,625,2431,Nc1nc(N2CCOCC2)nn1C1=NCCCS1
928,33,623,9711,CCc1ccc(C(=O)N2CCOC3(CC[NH+](Cc4cccc(CC[NH2+]CC(O)c5ccc(O)c6[nH]c(=O)ccc56)c4)CC3)C2)s1
929,87,513,3026,CCC(C)Oc1cc(C(=O)N2CC(CC)OC3(CCOC3)C2)ccn1
930,33,78,5146,O=C(CC1C[NH2+]CCO1)N1CCC2(CCC(=O)N(CCc3ccccc3)C2)CC1
931,41,895,6981,O=C(Nc1cnn(Cc2ccccc2)c1)C1CCN(C(=O)C2CC2)CC1
932,3,569,3503,CSc1nc(NN)cc(Oc2ccccc2SC)n1
933,82,332,1684,CNC(=O)C1c2cc(c3cccc(C(=O)NCc4ccc(F)cc4)c3)ccc2OC1c1ccc(F)cc1
934,76,622,3219,Cc1nc(c2ccc(NC(=O)CSc3nncn3c3cccc(Cl)c3)cc2)cs1
935,97,64,4766,CCOC(=O)c1cccc(Nc2ncnc(N3CCN(c4ccc(OC)cc4)CC3)c2N)c1
936,31,881,8580,Cc1cc(N=[N+]=[N-])c(OCCOCCO)cc1OCCOCCO
937,2,856,9668,O=C(COc1ccc(C2=NNC(=O)NC2)cc1Cl)NC(Cc1ccccc1)C(=O)[O-]
938,90,813,8418,CC(C)C(C)S(=O)CCC(=O)Nc1cccc(N)c1
939,60,639,7756,CC(C#N)(C(=O)[O-])c1cc[nH]c1
940,70,796,4329,COC(=O)C(O)c1cc2c(c(C)c1Br)OCCO2
941,8,450,727,C[NH2+]C(Cc1ccc(Cl)cc1F)C1(C)CCCCO1
942,53,565,9786,CCCc1cc(N2CCC(n3cnc4c(C(C)C)cccc43)CC2)ncn1
943,95,658,7074,C[NH+]1CCCC1Nc1nc(NCC2CCCCC2)nc(Nc2ccc(O)c(F)c2)n1
944,64,350,7345,Cc1c(NC(=O)C[NH+]2CCC(C(=O)NCC(=O)Nc3cc(C(=O)Nc4ccccc4)ccc3Cl)CC2)cccc1C(=O)N1CCC(C)CC1
945,54,862,9409,COc1ccccc1c1ccc(N2CC[NH+](C)CC2)c(C=CC(=O)c2ccc(O)c(F)c2)c1
946,76,72,1151,COCCn1c(SC(C)c2nc(C)no2)nnc1c1ccncc1
947,62,150,7679,Nc1ccc(c2[nH]c(c3c(F)cccc3F)nc2c2ccccc2)nc1N
948,15,964,6653,O=C(Nc1c(Cl)cccc1Cl)C1CC(=O)N(c2ccccc2)C1
949,59,666,2551,CC(=O)N1N=C(c2cccnc2)OC1c1ccccc1[N+](=O)[O-]
950,16,176,420,CN(C)S(=O)(=O)c1cccc(C(=O)NC2CCC(c3ccccc3)CC2)c1
951,9,12,2079,CSCCC(NC(=O)c1ccccc1Cl)C(=O)Nc1cccc(c2nc3ccccc3[nH]2)c1
952,29,517,7309,Fc1ccc(C(F)(F)F)cc1n1cc(c2ccncn2)cn1
953,99,766,5894,CCN(CC(=O)Nc1ccccc1C(F)(F)F)C(=O)Cc1cccc2ccccc12
954,60,318,8122,COC(C)c1cccnc1c1cc2cc3ccc(cc4ccc(cc5ccc(cc1n2)n5)n4)n3
955,82,476,9718,O=C([O-])C1(c2ccccc2O)[NH2+]C=CO1
956,82,689,8562,O=C(NCc1cc(C(=O)c2cc3c(c(Cl)c2Cl)OC(CO)C3)ccc1O)OCc1ccccc1
957,84,726,9676,N#Cc1cccnc1NC1COCC1n1nc(n2cccn2)ccc1=O
958,48,551,4457,Cc1ccc(c2nsc(CC[NH3+])n2)cc1C
959,64,86,6974,CC(NC(=O)C1CC[NH+](C(C)C(=O)Nc2ccc(Cl)c(C(=O)Nc3ccccc3)c2)CC1)C(=O)Nc1cc(C(=O)N2CCCCC2)ccc1Cl
960,55,161,5081,Cc1nnc2ccc(c3ccc(NC(=O)CCC(=O)c4ccccc4)cc3)nn12
961,1,304,9497,COC(CNC(=O)c1ccc(Cl)cc1Cl)OC
962,12,609,9414,C[NH2+]CCCN(C)C(=O)c1cc(Cl)nc(C(C)(C)C)c1
963,73,987,1600,Cc1ccc(C=C2C(=[NH2+])N3N=CSC3=[NH+]C2=O)o1
964,86,240,4493,C[NH2+]C(c1cc(Cl)ccc1I)C(C)C
965,24,290,6465,Cc1cc(C(=O)NCCC[NH+]2CCN(c3ccccc3F)CC2)on1
966,78,409,2424,COC1(C[NH2+]C2CNC2)CCOC1
967,47,97,4975,CCOc1ccccc1c1nnc(SCC(=O)NCc2cccs2)o1
968,57,784,1770,COC(=O)NC1CC[NH+](Cc2cc(Cl)cc(Cl)c2O)C1
969,55,372,488,CC(C)n1ccc(C(=O)Nc2ccn(C(C)(C)C(=O)[O-])n2)n1
970,48,535,9522,C(=C1NSNS1)c1ccccc1
971,60,76,8096,CC1=Nc2ccccc2NC(c2ccccc2C(F)(F)F)C1C(=O)[O-]
972,78,408,6786,CC1(C)C2CCC(C2)C1([NH3+])CC(=O)[O-]
973,86,240,4381,CC(C)c1ccc(C([NH3+])c2cc(Br)ccc2Br)cc1
974,89,95,4301,CCOc1ccc(SCC(=O)Nc2ccc(OC)cc2)cc1
975,55,982,9054,CC(C)(C)C(=O)Nc1cncc(c2cnc3n[nH]c(c4nc5nccc(c6ccccn6)c5[nH]4)c3c2F)c1
976,37,524,4085,CCC[NH2+]C1CC(C)CC(C)C1N(CCOC)CC(C)C
977,99,735,6867,CCN(Cc1ccc(Cl)c(Cl)c1)C(=O)c1ccc(Br)o1
978,16,897,6820,CCN(CC)S(=O)(=O)c1ccc(Cl)c(NC(=O)C2CCC2)c1
979,96,284,7559,COCCC(C)(C)C[NH2+]Cc1nnc(C)o1
980,13,562,1929,CC1CCC(N(C)C(=O)Cn2cnc3c2c(=O)n(C)c(=O)n3C)CC1
981,99,365,280,CC(C)N(CCCO)C(=O)C=Cc1ccc(F)cc1
982,24,982,8163,O=C(NC(NC1CCCC1)=[NH+]C1CC(c2ccc(Cl)cc2)NN1)c1ccc(Cl)c(F)c1
983,22,948,6552,CCC1CN(C(=O)c2cncs2)CCC1[NH3+]
984,59,42,7765,Cc1cc(C)c(NC=C(C#N)c2nc(c3cc4cc([N+](=O)[O-])ccc4oc3=O)cs2)c(C)c1
985,91,300,1591,Cc1ccsc1CCC(=O)NCc1cncc(c2ccco2)c1
986,53,912,7263,CCOc1cccnc1N(C)CC(C)Cl
987,26,333,1774,Nc1cc(F)cc(S(=O)(=O)CC(=O)N2CCCCC2)c1
988,48,58,4223,CCc1ccc(C(NN)c2ccsc2C)s1
989,12,890,5767,CCN(C(=O)Cn1cc2c(c1)C([NH2+]C)CCCC2)C1CC1
990,96,909,4433,CCn1cc(C[NH+]2CCCC3(CCC(=O)N(CCC(C)C)C3)C2)cn1
991,50,85,937,O=C(NCc1cccc(Cl)c1)c1noc2c1CCCC2
992,94,74,9097,CC(C)c1cc(CCCCCCCCCc2cc(C(C)C)c(O)c(C(C)(C)C)c2)cc(C(C)(C)C)c1O
993,82,75,4866,CC1(C)OB(c2ccc(F)c(NC(=O)c3cc4c(s3)C3CCC4C3)c2)OC1(C)C
994,65,802,4857,COc1ccc2c(c1)c(=O)c(S(=O)(=O)c1ccc(F)cc1)cn2CC(=O)Nc1cccc(C)c1
995,93,438,5376,COc1ccc(NC(=O)c2ccco2)cc1OCC[NH+](C(C)C)C(C)C
996,92,945,785,Cc1ncnc(NCCOc2ccccc2Cl)c1C
997,62,460,8270,[NH3+]C(CSc1ncccn1)c1ccc(F)c(F)c1
998,39,402,14,CC(C)Oc1cccc2[nH]cc(C(=O)C3CCCCC3)c12
999,82,170,7692,COc1cccc2c1C([NH3+])(C(=O)[O-])CC(C)(C)O2
1000,12,148,2794,CN(Cc1ccsc1)C(=O)C1(C(F)(F)F)CCNC1
